-- MySQL dump 10.13  Distrib 5.5.41, for debian-linux-gnu (x86_64)
--
-- Host: localhost    Database: luminous_db
-- ------------------------------------------------------
-- Server version	5.5.41-0ubuntu0.14.04.1

/*!40101 SET @OLD_CHARACTER_SET_CLIENT=@@CHARACTER_SET_CLIENT */;
/*!40101 SET @OLD_CHARACTER_SET_RESULTS=@@CHARACTER_SET_RESULTS */;
/*!40101 SET @OLD_COLLATION_CONNECTION=@@COLLATION_CONNECTION */;
/*!40101 SET NAMES utf8 */;
/*!40103 SET @OLD_TIME_ZONE=@@TIME_ZONE */;
/*!40103 SET TIME_ZONE='+00:00' */;
/*!40014 SET @OLD_UNIQUE_CHECKS=@@UNIQUE_CHECKS, UNIQUE_CHECKS=0 */;
/*!40014 SET @OLD_FOREIGN_KEY_CHECKS=@@FOREIGN_KEY_CHECKS, FOREIGN_KEY_CHECKS=0 */;
/*!40101 SET @OLD_SQL_MODE=@@SQL_MODE, SQL_MODE='NO_AUTO_VALUE_ON_ZERO' */;
/*!40111 SET @OLD_SQL_NOTES=@@SQL_NOTES, SQL_NOTES=0 */;

--
-- Table structure for table `detection_objects`
--

DROP TABLE IF EXISTS `detection_objects`;
/*!40101 SET @saved_cs_client     = @@character_set_client */;
/*!40101 SET character_set_client = utf8 */;
CREATE TABLE `detection_objects` (
  `ObjectID` int(11) NOT NULL AUTO_INCREMENT,
  `ParentImageID` int(11) NOT NULL,
  `XCord` int(11) NOT NULL,
  `YCord` int(11) NOT NULL,
  `Radius` int(11) NOT NULL,
  `IsPosDetect` tinyint(1) DEFAULT NULL,
  `IsUserDetected` tinyint(1) DEFAULT NULL,
  `FileName` varchar(256) DEFAULT NULL,
  `Location` varchar(256) DEFAULT NULL,
  PRIMARY KEY (`ObjectID`),
  KEY `ParentImageID` (`ParentImageID`),
  CONSTRAINT `detection_objects_ibfk_1` FOREIGN KEY (`ParentImageID`) REFERENCES `images` (`ImageID`)
) ENGINE=InnoDB AUTO_INCREMENT=494 DEFAULT CHARSET=latin1;
/*!40101 SET character_set_client = @saved_cs_client */;

--
-- Dumping data for table `detection_objects`
--

LOCK TABLES `detection_objects` WRITE;
/*!40000 ALTER TABLE `detection_objects` DISABLE KEYS */;
INSERT INTO `detection_objects` VALUES (1,8,262,351,35,NULL,0,NULL,NULL),(2,10,67,412,52,NULL,0,NULL,NULL),(3,10,146,562,78,NULL,0,NULL,NULL),(4,10,459,354,64,NULL,0,NULL,NULL),(5,11,477,257,59,NULL,0,NULL,NULL),(6,12,170,118,22,NULL,0,NULL,NULL),(7,12,129,161,25,NULL,0,NULL,NULL),(8,13,131,488,28,NULL,0,NULL,NULL),(9,13,90,164,29,NULL,0,NULL,NULL),(10,15,570,427,34,NULL,0,NULL,NULL),(11,15,321,456,30,NULL,0,NULL,NULL),(12,15,442,423,38,NULL,0,NULL,NULL),(13,17,193,260,14,NULL,0,NULL,NULL),(14,19,431,204,19,NULL,0,NULL,NULL),(15,19,236,317,23,NULL,0,NULL,NULL),(16,19,193,313,20,NULL,0,NULL,NULL),(17,19,321,322,21,NULL,0,NULL,NULL),(18,19,418,301,19,NULL,0,NULL,NULL),(19,19,231,256,24,NULL,0,NULL,NULL),(20,20,347,289,27,NULL,0,NULL,NULL),(21,20,232,182,21,NULL,0,NULL,NULL),(22,20,171,191,25,NULL,0,NULL,NULL),(23,20,94,155,22,NULL,0,NULL,NULL),(24,22,184,156,23,NULL,0,NULL,NULL),(25,26,943,376,268,NULL,0,NULL,NULL),(26,31,430,216,39,NULL,0,NULL,NULL),(27,44,1022,239,42,NULL,0,NULL,NULL),(28,44,1047,677,45,NULL,0,NULL,NULL),(29,44,391,859,47,NULL,0,NULL,NULL),(30,44,503,654,43,NULL,0,NULL,NULL),(31,44,156,503,39,NULL,0,NULL,NULL),(32,45,339,168,39,NULL,0,NULL,NULL),(33,45,622,83,57,NULL,0,NULL,NULL),(34,45,443,230,51,NULL,0,NULL,NULL),(35,45,621,452,57,NULL,0,NULL,NULL),(36,45,511,108,34,NULL,0,NULL,NULL),(37,45,430,388,50,NULL,0,NULL,NULL),(38,45,530,272,53,NULL,0,NULL,NULL),(39,56,357,344,33,NULL,0,NULL,NULL),(40,62,480,79,26,NULL,0,NULL,NULL),(41,68,268,168,62,NULL,0,NULL,NULL),(42,72,406,349,41,NULL,0,NULL,NULL),(43,72,269,217,56,NULL,0,NULL,NULL),(44,72,329,123,37,NULL,0,NULL,NULL),(45,74,168,219,78,NULL,0,NULL,NULL),(46,75,478,134,21,NULL,0,NULL,NULL),(47,75,432,120,21,NULL,0,NULL,NULL),(48,75,364,122,22,NULL,0,NULL,NULL),(49,75,450,284,22,NULL,0,NULL,NULL),(50,85,458,133,71,NULL,0,NULL,NULL),(51,85,174,174,78,NULL,0,NULL,NULL),(52,85,250,272,78,NULL,0,NULL,NULL),(53,86,373,451,23,NULL,0,NULL,NULL),(54,86,604,502,17,NULL,0,NULL,NULL),(55,87,1048,1071,34,NULL,0,NULL,NULL),(56,87,1636,1168,26,NULL,0,NULL,NULL),(57,87,462,1118,29,NULL,0,NULL,NULL),(58,87,565,1202,27,NULL,0,NULL,NULL),(59,89,2787,1100,22,NULL,0,NULL,NULL),(60,89,297,1128,54,NULL,0,NULL,NULL),(61,99,244,142,14,NULL,0,NULL,NULL),(62,99,484,278,13,NULL,0,NULL,NULL),(63,99,231,340,12,NULL,0,NULL,NULL),(64,101,2503,1086,99,NULL,0,NULL,NULL),(65,101,1441,93,90,NULL,0,NULL,NULL),(66,101,1010,1468,189,NULL,0,NULL,NULL),(67,102,550,571,52,NULL,0,NULL,NULL),(68,102,155,212,51,NULL,0,NULL,NULL),(69,102,208,517,54,NULL,0,NULL,NULL),(70,107,1555,365,55,NULL,0,NULL,NULL),(71,107,1501,256,45,NULL,0,NULL,NULL),(72,107,863,749,55,NULL,0,NULL,NULL),(73,110,226,323,14,NULL,0,NULL,NULL),(74,117,581,296,23,NULL,0,NULL,NULL),(75,117,763,442,23,NULL,0,NULL,NULL),(76,125,116,75,24,NULL,0,NULL,NULL),(77,131,1534,2091,134,NULL,0,NULL,NULL),(78,131,2265,661,117,NULL,0,NULL,NULL),(79,136,255,581,63,NULL,0,NULL,NULL),(80,144,606,607,50,NULL,0,NULL,NULL),(81,146,597,442,28,NULL,0,NULL,NULL),(82,146,138,370,21,NULL,0,NULL,NULL),(83,146,411,227,23,NULL,0,NULL,NULL),(84,146,239,695,23,NULL,0,NULL,NULL),(85,146,308,726,22,NULL,0,NULL,NULL),(86,146,88,486,24,NULL,0,NULL,NULL),(87,146,509,664,22,NULL,0,NULL,NULL),(88,146,141,328,22,NULL,0,NULL,NULL),(89,146,139,536,25,NULL,0,NULL,NULL),(90,146,189,469,23,NULL,0,NULL,NULL),(91,146,228,556,25,NULL,0,NULL,NULL),(92,146,355,316,27,NULL,0,NULL,NULL),(93,146,79,536,26,NULL,0,NULL,NULL),(94,148,245,569,88,NULL,0,NULL,NULL),(95,148,498,466,102,NULL,0,NULL,NULL),(96,148,669,321,76,NULL,0,NULL,NULL),(97,149,750,457,29,NULL,0,NULL,NULL),(98,149,1090,658,32,NULL,0,NULL,NULL),(99,149,1097,931,31,NULL,0,NULL,NULL),(100,149,1164,680,35,NULL,0,NULL,NULL),(101,149,868,330,30,NULL,0,NULL,NULL),(102,149,596,613,32,NULL,0,NULL,NULL),(103,149,303,451,33,NULL,0,NULL,NULL),(104,149,436,388,33,NULL,0,NULL,NULL),(105,149,1149,818,35,NULL,0,NULL,NULL),(106,149,1206,780,38,NULL,0,NULL,NULL),(107,149,744,873,41,NULL,0,NULL,NULL),(108,149,653,232,35,NULL,0,NULL,NULL),(109,149,320,852,36,NULL,0,NULL,NULL),(110,149,890,908,39,NULL,0,NULL,NULL),(111,149,322,902,37,NULL,0,NULL,NULL),(112,149,935,590,31,NULL,0,NULL,NULL),(113,149,783,939,40,NULL,0,NULL,NULL),(114,149,412,879,44,NULL,0,NULL,NULL),(115,149,1017,364,31,NULL,0,NULL,NULL),(116,149,955,692,27,NULL,0,NULL,NULL),(117,149,1156,581,31,NULL,0,NULL,NULL),(118,149,462,637,35,NULL,0,NULL,NULL),(119,149,1239,819,35,NULL,0,NULL,NULL),(120,150,321,328,11,NULL,0,NULL,NULL),(121,150,482,289,14,NULL,0,NULL,NULL),(122,152,621,320,26,NULL,0,NULL,NULL),(123,152,669,277,25,NULL,0,NULL,NULL),(124,166,272,345,11,NULL,0,NULL,NULL),(125,169,405,280,38,NULL,0,NULL,NULL),(126,170,379,81,31,NULL,0,NULL,NULL),(127,170,295,361,44,NULL,0,NULL,NULL),(128,170,484,295,39,NULL,0,NULL,NULL),(129,170,139,281,36,NULL,0,NULL,NULL),(130,170,186,338,40,NULL,0,NULL,NULL),(131,176,208,315,31,NULL,0,NULL,NULL),(132,176,192,221,35,NULL,0,NULL,NULL),(133,176,191,262,25,NULL,0,NULL,NULL),(134,176,281,350,38,NULL,0,NULL,NULL),(135,176,219,406,32,NULL,0,NULL,NULL),(136,186,229,134,11,NULL,0,NULL,NULL),(137,189,427,1729,23,NULL,0,NULL,NULL),(138,189,1520,1414,34,NULL,0,NULL,NULL),(139,189,1547,2125,58,NULL,0,NULL,NULL),(140,189,2435,1423,37,NULL,0,NULL,NULL),(141,189,1423,2231,39,NULL,0,NULL,NULL),(142,189,949,1701,37,NULL,0,NULL,NULL),(143,189,2249,1973,31,NULL,0,NULL,NULL),(144,190,96,461,19,NULL,0,NULL,NULL),(145,190,563,405,27,NULL,0,NULL,NULL),(146,190,1073,145,21,NULL,0,NULL,NULL),(147,190,1109,218,24,NULL,0,NULL,NULL),(148,190,1092,618,23,NULL,0,NULL,NULL),(149,190,495,487,29,NULL,0,NULL,NULL),(150,190,287,349,24,NULL,0,NULL,NULL),(151,190,767,1184,25,NULL,0,NULL,NULL),(152,190,184,1184,31,NULL,0,NULL,NULL),(153,190,324,479,31,NULL,0,NULL,NULL),(154,190,844,1166,27,NULL,0,NULL,NULL),(155,190,822,981,26,NULL,0,NULL,NULL),(156,190,1003,775,27,NULL,0,NULL,NULL),(157,190,971,797,21,NULL,0,NULL,NULL),(158,190,315,1020,28,NULL,0,NULL,NULL),(159,190,404,1085,36,NULL,0,NULL,NULL),(160,190,967,1182,24,NULL,0,NULL,NULL),(161,190,450,444,30,NULL,0,NULL,NULL),(162,190,950,988,33,NULL,0,NULL,NULL),(163,190,1064,96,24,NULL,0,NULL,NULL),(164,192,396,218,17,NULL,0,NULL,NULL),(165,193,953,253,28,NULL,0,NULL,NULL),(166,193,820,275,31,NULL,0,NULL,NULL),(167,194,133,286,49,NULL,0,NULL,NULL),(168,194,197,292,47,NULL,0,NULL,NULL),(169,194,261,321,46,NULL,0,NULL,NULL),(170,194,282,96,47,NULL,0,NULL,NULL),(171,203,1682,850,25,NULL,0,NULL,NULL),(172,203,1061,785,40,NULL,0,NULL,NULL),(173,203,1368,1419,39,NULL,0,NULL,NULL),(174,203,704,1241,42,NULL,0,NULL,NULL),(175,203,1437,1406,36,NULL,0,NULL,NULL),(176,203,1731,1563,40,NULL,0,NULL,NULL),(177,203,1305,1235,46,NULL,0,NULL,NULL),(178,203,826,1344,36,NULL,0,NULL,NULL),(179,203,1235,1692,34,NULL,0,NULL,NULL),(180,203,1397,947,41,NULL,0,NULL,NULL),(181,203,1533,1089,41,NULL,0,NULL,NULL),(182,203,1151,1277,37,NULL,0,NULL,NULL),(183,203,1028,1250,43,NULL,0,NULL,NULL),(184,206,760,550,32,NULL,0,NULL,NULL),(185,206,527,385,39,NULL,0,NULL,NULL),(186,206,791,727,41,NULL,0,NULL,NULL),(187,209,301,239,62,NULL,0,NULL,NULL),(188,209,381,573,52,NULL,0,NULL,NULL),(189,209,179,221,53,NULL,0,NULL,NULL),(190,211,310,329,22,NULL,0,NULL,NULL),(191,211,266,345,22,NULL,0,NULL,NULL),(192,221,316,319,73,NULL,0,NULL,NULL),(193,221,478,285,71,NULL,0,NULL,NULL),(194,221,665,333,78,NULL,0,NULL,NULL),(195,221,1309,992,86,NULL,0,NULL,NULL),(196,221,466,481,69,NULL,0,NULL,NULL),(197,221,434,1143,90,NULL,0,NULL,NULL),(198,221,846,591,83,NULL,0,NULL,NULL),(199,224,1134,679,64,NULL,0,NULL,NULL),(200,225,354,178,17,NULL,0,NULL,NULL),(201,225,254,135,23,NULL,0,NULL,NULL),(202,230,38,105,36,NULL,0,NULL,NULL),(203,230,975,127,35,NULL,0,NULL,NULL),(204,230,383,354,58,NULL,0,NULL,NULL),(205,230,170,381,58,NULL,0,NULL,NULL),(206,232,504,309,50,NULL,0,NULL,NULL),(207,235,272,516,17,NULL,0,NULL,NULL),(208,237,345,391,34,NULL,0,NULL,NULL),(209,237,274,943,61,NULL,0,NULL,NULL),(210,237,405,705,49,NULL,0,NULL,NULL),(211,264,431,155,71,NULL,0,NULL,NULL),(212,271,272,912,28,NULL,0,NULL,NULL),(213,271,677,679,33,NULL,0,NULL,NULL),(214,271,348,882,26,NULL,0,NULL,NULL),(215,271,256,860,24,NULL,0,NULL,NULL),(216,271,604,559,25,NULL,0,NULL,NULL),(217,271,466,320,25,NULL,0,NULL,NULL),(218,271,645,527,25,NULL,0,NULL,NULL),(219,271,140,629,28,NULL,0,NULL,NULL),(220,271,514,385,29,NULL,0,NULL,NULL),(221,271,759,623,36,NULL,0,NULL,NULL),(222,271,563,702,28,NULL,0,NULL,NULL),(223,273,372,192,44,NULL,0,NULL,NULL),(224,277,380,445,21,NULL,0,NULL,NULL),(225,277,151,107,20,NULL,0,NULL,NULL),(226,279,249,187,33,NULL,0,NULL,NULL),(227,279,429,254,36,NULL,0,NULL,NULL),(228,279,310,180,39,NULL,0,NULL,NULL),(229,279,305,13,23,NULL,0,NULL,NULL),(230,279,495,253,31,NULL,0,NULL,NULL),(231,279,92,160,36,NULL,0,NULL,NULL),(232,279,280,122,31,NULL,0,NULL,NULL),(233,279,50,312,34,NULL,0,NULL,NULL),(234,279,519,186,43,NULL,0,NULL,NULL),(235,279,334,112,29,NULL,0,NULL,NULL),(236,279,143,322,36,NULL,0,NULL,NULL),(237,279,496,157,45,NULL,0,NULL,NULL),(238,393,391,420,21,NULL,0,NULL,NULL),(239,393,609,268,20,NULL,0,NULL,NULL),(240,394,494,122,30,NULL,0,NULL,NULL),(241,396,1469,139,39,NULL,0,NULL,NULL),(242,397,193,196,18,NULL,0,NULL,NULL),(243,397,342,178,20,NULL,0,NULL,NULL),(244,397,146,83,24,NULL,0,NULL,NULL),(245,397,230,258,21,NULL,0,NULL,NULL),(246,398,567,270,13,NULL,0,NULL,NULL),(247,399,520,436,22,NULL,0,NULL,NULL),(248,399,124,354,25,NULL,0,NULL,NULL),(249,399,196,552,23,NULL,0,NULL,NULL),(250,400,567,270,13,NULL,0,NULL,NULL),(251,402,567,270,13,NULL,0,NULL,NULL),(252,404,819,226,37,NULL,0,NULL,NULL),(253,404,574,591,41,NULL,0,NULL,NULL),(254,404,494,433,23,NULL,0,NULL,NULL),(255,407,207,44,25,NULL,0,NULL,NULL),(256,407,217,207,23,NULL,0,NULL,NULL),(257,407,573,121,21,NULL,0,NULL,NULL),(258,407,649,108,22,NULL,0,NULL,NULL),(259,407,112,231,22,NULL,0,NULL,NULL),(260,407,647,452,15,NULL,0,NULL,NULL),(261,407,394,436,21,NULL,0,NULL,NULL),(262,408,157,131,58,NULL,0,NULL,NULL),(263,411,383,290,21,NULL,0,NULL,NULL),(264,412,26,177,25,NULL,0,NULL,NULL),(265,412,77,145,30,NULL,0,NULL,NULL),(266,412,199,100,34,NULL,0,NULL,NULL),(267,412,329,179,35,NULL,0,NULL,NULL),(268,412,237,333,29,NULL,0,NULL,NULL),(269,412,324,34,29,NULL,0,NULL,NULL),(270,412,243,178,34,NULL,0,NULL,NULL),(271,412,185,273,31,NULL,0,NULL,NULL),(272,412,126,176,29,NULL,0,NULL,NULL),(273,412,148,71,32,NULL,0,NULL,NULL),(274,413,202,308,20,NULL,0,NULL,NULL),(275,414,2597,1014,175,NULL,0,NULL,NULL),(276,414,3400,326,192,NULL,0,NULL,NULL),(277,416,1323,344,58,NULL,0,NULL,NULL),(278,416,1180,300,51,NULL,0,NULL,NULL),(279,416,409,1831,72,NULL,0,NULL,NULL),(280,416,658,1560,40,NULL,0,NULL,NULL),(281,416,374,1269,53,NULL,0,NULL,NULL),(282,416,1512,1285,69,NULL,0,NULL,NULL),(283,416,1946,28,60,NULL,0,NULL,NULL),(284,416,1781,1120,82,NULL,0,NULL,NULL),(285,420,666,513,61,NULL,0,NULL,NULL),(286,420,927,439,21,NULL,0,NULL,NULL),(287,423,255,324,41,NULL,0,NULL,NULL),(288,424,1790,332,24,NULL,0,NULL,NULL),(289,424,2962,1919,303,NULL,0,NULL,NULL),(290,425,333,589,57,NULL,0,NULL,NULL),(291,430,352,260,84,NULL,0,NULL,NULL),(292,440,518,572,238,NULL,0,NULL,NULL),(293,442,248,397,11,NULL,0,NULL,NULL),(294,449,234,290,90,NULL,0,NULL,NULL),(295,453,1350,883,312,NULL,0,NULL,NULL),(296,465,135,254,49,NULL,0,NULL,NULL),(297,465,92,144,64,NULL,0,NULL,NULL),(298,474,222,412,72,NULL,0,NULL,NULL),(299,478,483,500,87,NULL,0,NULL,NULL),(300,478,849,407,126,NULL,0,NULL,NULL),(301,483,712,340,66,NULL,0,NULL,NULL),(302,483,256,332,80,NULL,0,NULL,NULL),(303,483,405,316,86,NULL,0,NULL,NULL),(304,483,523,177,87,NULL,0,NULL,NULL),(305,486,445,353,155,NULL,0,NULL,NULL),(306,487,352,70,36,NULL,0,NULL,NULL),(307,487,135,166,35,NULL,0,NULL,NULL),(308,487,67,237,34,NULL,0,NULL,NULL),(309,487,204,172,40,NULL,0,NULL,NULL),(310,488,57,187,38,NULL,0,NULL,NULL),(311,490,265,204,45,NULL,0,NULL,NULL),(312,500,644,322,68,NULL,0,NULL,NULL),(313,501,911,552,44,NULL,0,NULL,NULL),(314,510,403,293,21,NULL,0,NULL,NULL),(315,512,410,138,26,NULL,0,NULL,NULL),(316,534,1065,853,131,NULL,0,NULL,NULL),(317,535,618,623,189,NULL,0,NULL,NULL),(318,540,159,239,16,NULL,0,NULL,NULL),(319,546,318,606,131,NULL,0,NULL,NULL),(320,551,304,60,41,NULL,0,NULL,NULL),(321,554,633,855,19,NULL,0,NULL,NULL),(322,554,638,957,21,NULL,0,NULL,NULL),(323,554,821,977,21,NULL,0,NULL,NULL),(324,555,1033,983,42,NULL,0,NULL,NULL),(325,555,987,659,57,NULL,0,NULL,NULL),(326,555,523,309,49,NULL,0,NULL,NULL),(327,556,1028,249,256,NULL,0,NULL,NULL),(328,557,231,308,21,NULL,0,NULL,NULL),(329,559,309,284,20,NULL,0,NULL,NULL),(330,559,230,233,17,NULL,0,NULL,NULL),(331,563,244,87,20,NULL,0,NULL,NULL),(332,563,139,151,24,NULL,0,NULL,NULL),(333,566,944,237,50,NULL,0,NULL,NULL),(334,566,671,168,49,NULL,0,NULL,NULL),(335,567,1033,692,18,NULL,0,NULL,NULL),(336,567,1427,880,19,NULL,0,NULL,NULL),(337,567,1196,156,20,NULL,0,NULL,NULL),(338,567,767,418,23,NULL,0,NULL,NULL),(339,567,545,885,23,NULL,0,NULL,NULL),(340,567,922,794,26,NULL,0,NULL,NULL),(341,567,1127,223,20,NULL,0,NULL,NULL),(342,567,1443,544,18,NULL,0,NULL,NULL),(343,567,1051,372,21,NULL,0,NULL,NULL),(344,567,1446,630,21,NULL,0,NULL,NULL),(345,567,871,46,22,NULL,0,NULL,NULL),(346,567,1049,816,21,NULL,0,NULL,NULL),(347,567,919,318,24,NULL,0,NULL,NULL),(348,567,1146,701,25,NULL,0,NULL,NULL),(349,567,1130,784,25,NULL,0,NULL,NULL),(350,567,1392,590,23,NULL,0,NULL,NULL),(351,567,1209,807,24,NULL,0,NULL,NULL),(352,567,1247,684,20,NULL,0,NULL,NULL),(353,567,889,1040,23,NULL,0,NULL,NULL),(354,567,605,859,24,NULL,0,NULL,NULL),(355,567,693,1037,23,NULL,0,NULL,NULL),(356,567,1100,1013,22,NULL,0,NULL,NULL),(357,567,538,130,27,NULL,0,NULL,NULL),(358,567,1287,1019,19,NULL,0,NULL,NULL),(359,567,659,911,23,NULL,0,NULL,NULL),(360,567,1018,1016,26,NULL,0,NULL,NULL),(361,567,692,904,21,NULL,0,NULL,NULL),(362,567,1319,975,25,NULL,0,NULL,NULL),(363,567,1226,688,21,NULL,0,NULL,NULL),(364,567,1084,952,22,NULL,0,NULL,NULL),(365,567,1235,776,24,NULL,0,NULL,NULL),(366,567,986,371,23,NULL,0,NULL,NULL),(367,567,367,669,26,NULL,0,NULL,NULL),(368,567,946,602,26,NULL,0,NULL,NULL),(369,567,1307,262,25,NULL,0,NULL,NULL),(370,567,1564,690,22,NULL,0,NULL,NULL),(371,567,1181,848,23,NULL,0,NULL,NULL),(372,567,1428,594,22,NULL,0,NULL,NULL),(373,567,366,233,23,NULL,0,NULL,NULL),(374,567,1018,931,25,NULL,0,NULL,NULL),(375,567,1007,1047,21,NULL,0,NULL,NULL),(376,567,841,658,24,NULL,0,NULL,NULL),(377,567,538,920,26,NULL,0,NULL,NULL),(378,567,389,563,23,NULL,0,NULL,NULL),(379,567,901,743,24,NULL,0,NULL,NULL),(380,567,724,11,20,NULL,0,NULL,NULL),(381,567,667,618,20,NULL,0,NULL,NULL),(382,567,1169,1036,25,NULL,0,NULL,NULL),(383,567,400,122,21,NULL,0,NULL,NULL),(384,567,1190,679,25,NULL,0,NULL,NULL),(385,569,81,280,29,NULL,0,NULL,NULL),(386,571,267,547,45,NULL,0,NULL,NULL),(387,571,185,545,43,NULL,0,NULL,NULL),(388,571,196,467,42,NULL,0,NULL,NULL),(389,571,447,27,38,NULL,0,NULL,NULL),(390,571,769,301,64,NULL,0,NULL,NULL),(391,571,142,209,36,NULL,0,NULL,NULL),(392,571,363,334,46,NULL,0,NULL,NULL),(393,575,384,240,11,NULL,0,NULL,NULL),(394,575,439,187,13,NULL,0,NULL,NULL),(395,575,314,334,13,NULL,0,NULL,NULL),(396,576,381,76,11,NULL,0,NULL,NULL),(397,577,138,210,39,NULL,0,NULL,NULL),(398,579,1025,503,27,NULL,0,NULL,NULL),(399,579,1206,731,39,NULL,0,NULL,NULL),(400,579,564,288,32,NULL,0,NULL,NULL),(401,582,255,260,33,NULL,0,NULL,NULL),(402,582,512,19,37,NULL,0,NULL,NULL),(403,590,141,59,55,NULL,0,NULL,NULL),(404,590,184,210,35,NULL,0,NULL,NULL),(405,590,105,136,40,NULL,0,NULL,NULL),(406,593,339,69,83,NULL,0,NULL,NULL),(407,595,595,412,16,NULL,0,NULL,NULL),(408,595,706,383,14,NULL,0,NULL,NULL),(409,595,647,337,14,NULL,0,NULL,NULL),(410,595,431,448,17,NULL,0,NULL,NULL),(411,595,631,408,15,NULL,0,NULL,NULL),(412,595,624,384,18,NULL,0,NULL,NULL),(413,595,533,431,17,NULL,0,NULL,NULL),(414,599,589,335,21,NULL,0,NULL,NULL),(415,600,1268,849,41,NULL,0,NULL,NULL),(416,601,345,391,34,NULL,0,NULL,NULL),(417,601,274,943,61,NULL,0,NULL,NULL),(418,601,405,705,49,NULL,0,NULL,NULL),(419,602,3058,2447,286,NULL,0,NULL,NULL),(420,607,525,356,23,NULL,0,NULL,NULL),(421,609,261,152,22,NULL,0,NULL,NULL),(422,609,162,184,21,NULL,0,NULL,NULL),(423,609,128,212,25,NULL,0,NULL,NULL),(424,609,159,117,23,NULL,0,NULL,NULL),(425,610,436,324,121,NULL,0,NULL,NULL),(426,610,200,355,119,NULL,0,NULL,NULL),(427,611,589,335,21,NULL,0,NULL,NULL),(428,612,157,463,33,NULL,0,NULL,NULL),(429,612,283,247,39,NULL,0,NULL,NULL),(430,612,288,153,45,NULL,0,NULL,NULL),(431,615,571,659,23,NULL,0,NULL,NULL),(432,615,861,214,29,NULL,0,NULL,NULL),(433,615,1019,583,26,NULL,0,NULL,NULL),(434,615,490,567,30,NULL,0,NULL,NULL),(435,615,840,512,34,NULL,0,NULL,NULL),(436,615,917,432,27,NULL,0,NULL,NULL),(437,615,653,434,31,NULL,0,NULL,NULL),(438,615,878,276,27,NULL,0,NULL,NULL),(439,615,488,366,29,NULL,0,NULL,NULL),(440,615,784,451,32,NULL,0,NULL,NULL),(441,615,435,344,25,NULL,0,NULL,NULL),(442,616,181,356,30,NULL,0,NULL,NULL),(443,616,38,224,33,NULL,0,NULL,NULL),(444,616,201,414,26,NULL,0,NULL,NULL),(445,616,146,190,29,NULL,0,NULL,NULL),(446,616,270,366,30,NULL,0,NULL,NULL),(447,616,272,97,24,NULL,0,NULL,NULL),(448,617,606,400,37,NULL,0,NULL,NULL),(449,617,998,468,34,NULL,0,NULL,NULL),(450,617,409,171,31,NULL,0,NULL,NULL),(451,617,462,236,33,NULL,0,NULL,NULL),(452,617,988,51,26,NULL,0,NULL,NULL),(453,617,743,798,34,NULL,0,NULL,NULL),(454,617,1051,567,26,NULL,0,NULL,NULL),(455,617,826,253,35,NULL,0,NULL,NULL),(456,617,872,535,42,NULL,0,NULL,NULL),(457,617,1029,213,29,NULL,0,NULL,NULL),(458,619,1107,575,28,NULL,0,NULL,NULL),(459,620,716,195,78,NULL,0,NULL,NULL),(460,621,2305,1453,73,NULL,0,NULL,NULL),(461,621,708,1921,66,NULL,0,NULL,NULL),(462,621,1743,1236,80,NULL,0,NULL,NULL),(463,621,2607,1582,83,NULL,0,NULL,NULL),(464,621,1087,1550,65,NULL,0,NULL,NULL),(465,621,1888,1067,77,NULL,0,NULL,NULL),(466,621,1688,1405,77,NULL,0,NULL,NULL),(467,621,1611,985,72,NULL,0,NULL,NULL),(468,621,2861,1377,83,NULL,0,NULL,NULL),(469,621,2485,743,67,NULL,0,NULL,NULL),(470,621,2630,811,66,NULL,0,NULL,NULL),(471,621,2250,1030,76,NULL,0,NULL,NULL),(472,621,1369,1610,63,NULL,0,NULL,NULL),(473,621,1361,1343,65,NULL,0,NULL,NULL),(474,621,2184,1243,76,NULL,0,NULL,NULL),(475,621,813,2033,80,NULL,0,NULL,NULL),(476,621,2005,499,52,NULL,0,NULL,NULL),(477,621,1733,514,55,NULL,0,NULL,NULL),(478,621,2718,1141,74,NULL,0,NULL,NULL),(479,621,1350,1219,59,NULL,0,NULL,NULL),(480,621,1621,530,59,NULL,0,NULL,NULL),(481,621,1897,940,83,NULL,0,NULL,NULL),(482,621,1486,1351,72,NULL,0,NULL,NULL),(483,622,431,219,132,NULL,0,NULL,NULL),(484,622,291,270,138,NULL,0,NULL,NULL),(485,627,299,229,19,NULL,0,NULL,NULL),(486,627,260,405,20,NULL,0,NULL,NULL),(487,627,158,279,19,NULL,0,NULL,NULL),(488,627,258,238,18,NULL,0,NULL,NULL),(489,648,2726,1060,114,NULL,0,NULL,NULL),(490,657,447,339,31,NULL,0,NULL,NULL),(491,657,342,348,23,NULL,0,NULL,NULL),(492,657,347,148,28,NULL,0,NULL,NULL),(493,659,256,290,54,NULL,0,NULL,NULL);
/*!40000 ALTER TABLE `detection_objects` ENABLE KEYS */;
UNLOCK TABLES;

--
-- Table structure for table `images`
--

DROP TABLE IF EXISTS `images`;
/*!40101 SET @saved_cs_client     = @@character_set_client */;
/*!40101 SET character_set_client = utf8 */;
CREATE TABLE `images` (
  `ImageID` int(11) NOT NULL AUTO_INCREMENT,
  `Location` varchar(256) DEFAULT NULL,
  `FileName` varchar(256) DEFAULT NULL,
  PRIMARY KEY (`ImageID`)
) ENGINE=InnoDB AUTO_INCREMENT=662 DEFAULT CHARSET=latin1;
/*!40101 SET character_set_client = @saved_cs_client */;

--
-- Dumping data for table `images`
--

LOCK TABLES `images` WRITE;
/*!40000 ALTER TABLE `images` DISABLE KEYS */;
INSERT INTO `images` VALUES (1,'/work/pics/pending/all','0005587_primula-beesiana.jpeg'),(2,'/work/pics/pending/all','0005964_primula-peter-klein_300.jpeg'),(3,'/work/pics/pending/all','001-minuartia-graminifolia.jpg'),(4,'/work/pics/pending/all','001-silene-acaulisj.jpg'),(5,'/work/pics/pending/all','001-silene-acaulis.jpg'),(6,'/work/pics/pending/all','002447-1.jpg'),(7,'/work/pics/pending/all','002-silene-acaulis.jpg'),(8,'/work/pics/pending/all','002-silene-acaulist.jpg'),(9,'/work/pics/pending/all','003-minuartia-laricifolia.jpg'),(10,'/work/pics/pending/all','003-silene-acaulis.jpg'),(11,'/work/pics/pending/all','0085.jpeg'),(12,'/work/pics/pending/all','016_065.JPG'),(13,'/work/pics/pending/all','0307162.jpg'),(14,'/work/pics/pending/all','0313137.jpg'),(15,'/work/pics/pending/all','0425SileneacaulisKalk-Polsternelke2.jpg'),(16,'/work/pics/pending/all','0461.jpeg'),(17,'/work/pics/pending/all','06_34.jpg'),(18,'/work/pics/pending/all','07_Stengelloses-Leimkraut.jpg'),(19,'/work/pics/pending/all','08_39.jpg'),(20,'/work/pics/pending/all','0941.jpeg'),(21,'/work/pics/pending/all','10736716594_28ddde47c3.jpg'),(22,'/work/pics/pending/all','10_edb16c701d3c0766ee0614e092b6b969.jpg'),(23,'/work/pics/pending/all','111142567.jpg'),(24,'/work/pics/pending/all','11142257_f520.jpg'),(25,'/work/pics/pending/all','1_14.jpg'),(26,'/work/pics/pending/all','116PARRYSPRIMEROSEPrimulaparryi.JPG'),(27,'/work/pics/pending/all','117603_2ef028ea.jpg'),(28,'/work/pics/pending/all','1207634767_f93fb18446_z.jpg'),(29,'/work/pics/pending/all','12368_141_PNSTE.jpeg'),(30,'/work/pics/pending/all','1280px-Silene_acaulis_upernavik_2007-07-04_1.jpg'),(31,'/work/pics/pending/all','132008Jun23MossCampion_1024.jpg'),(32,'/work/pics/pending/all','1358504401_17e1a65182.jpg'),(33,'/work/pics/pending/all','1359399969_b0dc350ea8.jpg'),(34,'/work/pics/pending/all','13-fairy-primrose.jpg'),(35,'/work/pics/pending/all','144527_ba6ad9f0.jpg'),(36,'/work/pics/pending/all','146325_579eb8a2.jpg'),(37,'/work/pics/pending/all','148573156.jpg'),(38,'/work/pics/pending/all','14.jpg'),(39,'/work/pics/pending/all','151894167d6RLAZsS.jpg'),(40,'/work/pics/pending/all','166-02-0.jpg'),(41,'/work/pics/pending/all','172961.jpg'),(42,'/work/pics/pending/all','174698147_34f4b4c79c_m.jpg'),(43,'/work/pics/pending/all','1774CortusaMatthioli.jpg'),(44,'/work/pics/pending/all','1-IMGP6732.jpg'),(45,'/work/pics/pending/all','20080625-silene_acaulis.jpg'),(46,'/work/pics/pending/all','2012.06.29-Silene-acaulis-on-alpine-tundra-St.-Anthony-resized-edited-IMG_4115-1024x768.jpg'),(47,'/work/pics/pending/all','21125181-pink-flowers.jpg'),(48,'/work/pics/pending/all','215721.jpg'),(49,'/work/pics/pending/all','216059.jpg'),(50,'/work/pics/pending/all','217186_65e5ed3d.jpg'),(51,'/work/pics/pending/all','220px-Primula_farinosa_flowers_100704.jpg'),(52,'/work/pics/pending/all','221103_Minuartia_recurva_4.jpg'),(53,'/work/pics/pending/all','224811.jpg'),(54,'/work/pics/pending/all','2264839290_38e2cae5f7.jpg'),(55,'/work/pics/pending/all','23234045.jpg'),(56,'/work/pics/pending/all','2380195883_c335c9d724.jpg'),(57,'/work/pics/pending/all','23.jpg'),(58,'/work/pics/pending/all','23jun2012_3__dsc4383.jpg'),(59,'/work/pics/pending/all','23x.jpg'),(60,'/work/pics/pending/all','250px-Primula_cusickiana_cusickiana.jpg'),(61,'/work/pics/pending/all','270433_Minuartia_recurva_6.jpg'),(62,'/work/pics/pending/all','2926000_web.jpg'),(63,'/work/pics/pending/all','2alma14.jpg'),(64,'/work/pics/pending/all','2prpa.jpg'),(65,'/work/pics/pending/all','2prsp2.jpg'),(66,'/work/pics/pending/all','30129718.jpg'),(67,'/work/pics/pending/all','3033039692_92f247d66d_n.jpg'),(68,'/work/pics/pending/all','3221_56762ac1.jpg'),(69,'/work/pics/pending/all','3293_md.jpg'),(70,'/work/pics/pending/all','3302_md.jpg'),(71,'/work/pics/pending/all','34gnma2.JPG'),(72,'/work/pics/pending/all','35sileneacaulis.jpg'),(73,'/work/pics/pending/all','3644103344_3faf107ccf.jpg'),(74,'/work/pics/pending/all','3727581446_979f480295.jpg'),(75,'/work/pics/pending/all','3762219046_9ba4bb9fbd.jpg'),(76,'/work/pics/pending/all','3877_-_Gornergrat_-_Silene_acaulis.JPG'),(77,'/work/pics/pending/all','39376433.jpg'),(78,'/work/pics/pending/all','39461_21ff1138.jpg'),(79,'/work/pics/pending/all','3alge.jpg'),(80,'/work/pics/pending/all','4013847987_ff5e59319c.jpg'),(81,'/work/pics/pending/all','4016774032_c73c385b4d.jpg'),(82,'/work/pics/pending/all','412165.JPG'),(83,'/work/pics/pending/all','422891.JPG'),(84,'/work/pics/pending/all','427796.JPG'),(85,'/work/pics/pending/all','4288757910_92357d5c1a_z.jpg'),(86,'/work/pics/pending/all','43311962.jpg'),(87,'/work/pics/pending/all','433151.jpg'),(88,'/work/pics/pending/all','43e5eb89497e375575f2343dd1ff3c74.jpg'),(89,'/work/pics/pending/all','4532442905.jpg'),(90,'/work/pics/pending/all','4704270852_15f36b93bf_b.jpg'),(91,'/work/pics/pending/all','4730890717_eeb3bfb592_z.jpg'),(92,'/work/pics/pending/all','4758a.jpg'),(93,'/work/pics/pending/all','4771659050_7c95d4da29_b.jpg'),(94,'/work/pics/pending/all','4801384486_a5dae6f386_z.jpg'),(95,'/work/pics/pending/all','4868492725_ba3d912f38_z.jpg'),(96,'/work/pics/pending/all','4872597918_f7e6bf05be_b.jpg'),(97,'/work/pics/pending/all','4liob4.jpg'),(98,'/work/pics/pending/all','4trru3.jpg'),(99,'/work/pics/pending/all','5035359535_746355d78b_z.jpg'),(100,'/work/pics/pending/all','5105.jpg'),(101,'/work/pics/pending/all','527710.jpg'),(102,'/work/pics/pending/all','54230323.jpg'),(103,'/work/pics/pending/all','5453489801_20a5a1d97f.jpg'),(104,'/work/pics/pending/all','5507460614_ea91d4de40.jpg'),(105,'/work/pics/pending/all','5524122499_98050d086e.jpg'),(106,'/work/pics/pending/all','57824l.jpg'),(107,'/work/pics/pending/all','59145.jpg'),(108,'/work/pics/pending/all','59344.jpg'),(109,'/work/pics/pending/all','5prpa.jpg'),(110,'/work/pics/pending/all','5siac.jpg'),(111,'/work/pics/pending/all','6011880350_88a9e2ebb4.jpg'),(112,'/work/pics/pending/all','6030028173_bb3ef7283a_b.jpg'),(113,'/work/pics/pending/all','6035l.jpg'),(114,'/work/pics/pending/all','6073279132_61f2fcd4b6_z.jpg'),(115,'/work/pics/pending/all','6151_IMG01669.JPG'),(116,'/work/pics/pending/all','6168805634_3a273638f4_z.jpg'),(117,'/work/pics/pending/all','6446500.jpg'),(118,'/work/pics/pending/all','64e4e39a.jpg'),(119,'/work/pics/pending/all','6675092933_6a3728001c.jpg'),(120,'/work/pics/pending/all','689653851_0f22bfe779.jpg'),(121,'/work/pics/pending/all','6a00d8341d55eb53ef00e54f0a26b88833-500wi.jpg'),(122,'/work/pics/pending/all','6_DAmicis_portfolio-950x633.jpg'),(123,'/work/pics/pending/all','6_Minuartiaglabra4_5-1-2011_EvaRussellChandrHeritagePreserveSouthCarolina.JPG'),(124,'/work/pics/pending/all','7047462651_2fa6f510d8_m.jpg'),(125,'/work/pics/pending/all','7463585254_006b450d52_m.jpg'),(126,'/work/pics/pending/all','7alget.jpg'),(127,'/work/pics/pending/all','8131021929_95536a259b_m.jpg'),(128,'/work/pics/pending/all','83158567.wpdgJ5kD.plantspec.jpg'),(129,'/work/pics/pending/all','83826_43f1ee1b.jpg'),(130,'/work/pics/pending/all','83828_4b2199aa.jpg'),(131,'/work/pics/pending/all','83EB8F8E-1DD8-B71C-07B1D8BAEE5E3F82.jpg'),(132,'/work/pics/pending/all','85248.jpg'),(133,'/work/pics/pending/all','8701920999_1f96542c1c.jpg'),(134,'/work/pics/pending/all','87521.jpg'),(135,'/work/pics/pending/all','889370940aecb4bbec5a8201d3c0224b-1379525971.jpg'),(136,'/work/pics/pending/all','8c49_Silene-Mount-Snowdon.jpg'),(137,'/work/pics/pending/all','9049_1_fullsize.jpg'),(138,'/work/pics/pending/all','9274547351_33603d1f30_b.jpg'),(139,'/work/pics/pending/all','96.jpg'),(140,'/work/pics/pending/all','97.jpg'),(141,'/work/pics/pending/all','9818.jpg'),(142,'/work/pics/pending/all','99934.jpg'),(143,'/work/pics/pending/all','99ff3dae15a24360f5ec5d4a2f1790b1.jpg'),(144,'/work/pics/pending/all','acaulis-1b.jpg'),(145,'/work/pics/pending/all','acaulis300.jpg'),(146,'/work/pics/pending/all','acaulis4a.jpg'),(147,'/work/pics/pending/all','acaulis4c.jpg'),(148,'/work/pics/pending/all','acaulis5a.jpg'),(149,'/work/pics/pending/all','AF4.jpg'),(150,'/work/pics/pending/all','AH-Moss-Campion-Silene-acaulis-2229.jpg'),(151,'/work/pics/pending/all','AH-Moss-Campion-Silene-acaulis-2587.jpg'),(152,'/work/pics/pending/all','AH-Moss-Campion-Silene-acaulis-2918.jpg'),(153,'/work/pics/pending/all','AH-Moss-Campion-Silene-acaulis-4336.jpg'),(154,'/work/pics/pending/all','alge_004_shp.jpg'),(155,'/work/pics/pending/all','allgey1ff.jpg'),(156,'/work/pics/pending/all','allgey1fs.jpg'),(157,'/work/pics/pending/all','allium-geyeri1.jpg'),(158,'/work/pics/pending/all','Allium_geyeri1.jpg'),(159,'/work/pics/pending/all','allium-geyeri2.jpg'),(160,'/work/pics/pending/all','allium-geyeri3.jpg'),(161,'/work/pics/pending/all','allium-geyeri-6-26-2010-11-27-48-am.jpg'),(162,'/work/pics/pending/all','Alliumgeyeri_ALL_9047.jpg'),(163,'/work/pics/pending/all','Allium-geyeri-Fbug-web-N7.jpg'),(164,'/work/pics/pending/all','Allium_geyeri.jpg'),(165,'/work/pics/pending/all','Allium_lusitanicum_002.JPG'),(166,'/work/pics/pending/all','Alpen_842010.jpg'),(167,'/work/pics/pending/all','alps-flower-little-pink-flowers-silene-acaulis-s-typical-grows-europe-32340639.jpg'),(168,'/work/pics/pending/all','a_Moss_Campion_Flowers.jpg'),(169,'/work/pics/pending/all','Androsacealpina.jpeg'),(170,'/work/pics/pending/all','Androsace_ciliata.jpg'),(171,'/work/pics/pending/all','androsacepizzoci.jpg'),(172,'/work/pics/pending/all','Androsace-stenophylla.jpg'),(173,'/work/pics/pending/all','ane-silene-acaulis-01407.jpg'),(174,'/work/pics/pending/all','angustifolia3j.jpg'),(175,'/work/pics/pending/all','angustifolia5j.jpg'),(176,'/work/pics/pending/all','angustifolia.jpg'),(177,'/work/pics/pending/all','arctica1a.jpg'),(178,'/work/pics/pending/all','arctica4b.jpg'),(179,'/work/pics/pending/all','arenaria_montana.jpg'),(180,'/work/pics/pending/all','arenariavernaaurea.jpg'),(181,'/work/pics/pending/all','AREPAT_DT.jpg'),(182,'/work/pics/pending/all','BelleWoodinBloom_2011-04_Primulakisoana-group.jpg'),(183,'/work/pics/pending/all','BirkiLambagrasVefur.jpg'),(184,'/work/pics/pending/all','Blog.jpg'),(185,'/work/pics/pending/all','boreal_sandwort_minuartia_rubella_white_yukon_carcross_sugarloaf_mountain_edited-1.jpg'),(186,'/work/pics/pending/all','brezstebelna-lepnica-silene-acaulis.jpg'),(187,'/work/pics/pending/all','C0806221733-M.-arctica-Sm.jpg'),(188,'/work/pics/pending/all','c3f7a23932d9497af0e6f09d31d5e2ac.jpg'),(189,'/work/pics/pending/all','campion-moss-silene-acaulis-hosting-others-snowy-range-wy.jpg'),(190,'/work/pics/pending/all','c_documents_and_settings_snaefell_desktop_hakon_picture_085.jpg'),(191,'/work/pics/pending/all','centaureapindicola06.JPG'),(192,'/work/pics/pending/all','CO_Plants_moss_campion.jpg'),(193,'/work/pics/pending/all','CO_Plants_Parrys_Primrose2.jpg'),(194,'/work/pics/pending/all','CO_Plants_parrys_primrose.jpg'),(195,'/work/pics/pending/all','CORTUSATURKESTANICA.JPG'),(196,'/work/pics/pending/all','COWI-006682.jpg'),(197,'/work/pics/pending/all','COWI-006710.jpg'),(198,'/work/pics/pending/all','d9ead1.jpg'),(199,'/work/pics/pending/all','Day30-136-moss-campion-sile.png'),(200,'/work/pics/pending/all','Day30-143-Minuartia-macroca.png'),(201,'/work/pics/pending/all','defaultGen.jpg'),(202,'/work/pics/pending/all','Dixi-Silene_acaulis_flowers.jpg'),(203,'/work/pics/pending/all','Dixi-Silene_acaulis.jpg'),(204,'/work/pics/pending/all','Douglasialaevigatacluster.jpeg'),(205,'/work/pics/pending/all','DSC_0107Primulaparryi.JPG'),(206,'/work/pics/pending/all','DSC02549v2.JPG'),(207,'/work/pics/pending/all','dsc_6206-2_960.jpeg'),(208,'/work/pics/pending/all','dsc_8352.jpg'),(209,'/work/pics/pending/all','DSCN0799.JPG'),(210,'/work/pics/pending/all','DSCN1314.JPG'),(211,'/work/pics/pending/all','DSCN2606.JPG_2008630101341_DSCN2606.JPG'),(212,'/work/pics/pending/all','DSCN5765-S.jpg'),(213,'/work/pics/pending/all','en_3663.jpg'),(214,'/work/pics/pending/all','ena_1876.jpg'),(215,'/work/pics/pending/all','ena_4292.jpg'),(216,'/work/pics/pending/all','enc_5989.jpg'),(217,'/work/pics/pending/all','enc_8735.jpg'),(218,'/work/pics/pending/all','f060208.jpg'),(219,'/work/pics/pending/all','f142t2111p7133n2.jpg'),(220,'/work/pics/pending/all','f7941c.jpg'),(221,'/work/pics/pending/all','FD4B1A5E-155D-451F-67C21AE4524275B0.JPG'),(222,'/work/pics/pending/all','Fjellsmelle4.jpg'),(223,'/work/pics/pending/all','fjellsmelle.jpg'),(224,'/work/pics/pending/all','Flickr_-_brewbooks_-_Silene_acaulis_Moss-campion.jpg'),(225,'/work/pics/pending/all','flora-silene-a-cuscinetto-a.jpg'),(226,'/work/pics/pending/all','foto13.JPG'),(227,'/work/pics/pending/all','fra-fen21.jpg'),(228,'/work/pics/pending/all','geyeronion_51.jpg'),(229,'/work/pics/pending/all','gracilipesCheliLa2.jpg'),(230,'/work/pics/pending/all','GY10150_big.jpg'),(231,'/work/pics/pending/all','Handies_Pk_7_26_09023.jpg'),(232,'/work/pics/pending/all','Harvard046.jpg'),(233,'/work/pics/pending/all','HD_Minuartia-austriaca_2010-07-17_Lienzer-Dolomiten.jpg'),(234,'/work/pics/pending/all','HFE-ChildrensFlower2-lg.JPG'),(235,'/work/pics/pending/all','HJS_3137a_PSg_a_small.jpg'),(236,'/work/pics/pending/all','houston_texas_colorado-alpine_sandwort_lidia_obtusiloba_minuartia.jpg'),(237,'/work/pics/pending/all','http---upload.wikimedia.org-wikipedia-commons-6-6b-Silene_acaulis_Kalk-Polsternelke.JPG'),(238,'/work/pics/pending/all','i017.jpg'),(239,'/work/pics/pending/all','image004.jpg'),(240,'/work/pics/pending/all','image029.jpg'),(241,'/work/pics/pending/all','IMG_0084.jpg'),(242,'/work/pics/pending/all','IMG_0965-MinuartiaMichauxii_RockSandwort-L.jpg'),(243,'/work/pics/pending/all','Img1044.jpg'),(244,'/work/pics/pending/all','Img1045.jpg'),(245,'/work/pics/pending/all','Img_1161.jpg'),(246,'/work/pics/pending/all','Img_1162.jpg'),(247,'/work/pics/pending/all','IMG_1705.jpg'),(248,'/work/pics/pending/all','Img_1781.jpg'),(249,'/work/pics/pending/all','img_2835.jpg'),(250,'/work/pics/pending/all','IMG_4422.jpg'),(251,'/work/pics/pending/all','IMG_5633redimMinuartaverna.jpg'),(252,'/work/pics/pending/all','IMG_6181.JPG'),(253,'/work/pics/pending/all','IMG_6257.JPG'),(254,'/work/pics/pending/all','IMG_7510-kopie-L.jpg'),(255,'/work/pics/pending/all','Img935.jpg'),(256,'/work/pics/pending/all','IMGP0644.JPG'),(257,'/work/pics/pending/all','imgp3343.jpg'),(258,'/work/pics/pending/all','ire_128.jpg'),(259,'/work/pics/pending/all','ivelina_assyova_152605.jpg'),(260,'/work/pics/pending/all','jan_friede_302615.jpg'),(261,'/work/pics/pending/all','jan_zabojnik_277613.jpg'),(262,'/work/pics/pending/all','jcs-minuartia-verna-31589.jpg'),(263,'/work/pics/pending/all','jcs-silene-acaulis-57811.jpg'),(264,'/work/pics/pending/all','jcs-silene-acaulis-57813.jpg'),(265,'/work/pics/pending/all','JSellersphotos040.jpg'),(266,'/work/pics/pending/all','kristasgarden05-27-06-D.jpg'),(267,'/work/pics/pending/all','kruhatka_matthiolova3.jpg'),(268,'/work/pics/pending/all','kruhatka_matthiolova5.jpg'),(269,'/work/pics/pending/all','laaalba.jpg'),(270,'/work/pics/pending/all','lambagrasic3b0-varretu-poisrohi.jpg'),(271,'/work/pics/pending/all','lambagrasreal.jpg'),(272,'/work/pics/pending/all','Leptodactylon_caespitosum.jpg'),(273,'/work/pics/pending/all','lgpriang.jpg'),(274,'/work/pics/pending/all','LRN_IMG0029.JPG'),(275,'/work/pics/pending/all','May122010455.jpg'),(276,'/work/pics/pending/all','medium.jpg'),(277,'/work/pics/pending/all','mi05070.jpg'),(278,'/work/pics/pending/all','milan_zajac_153846.jpg'),(279,'/work/pics/pending/all','milan_zajac_160599.jpg'),(280,'/work/pics/pending/all','minuarthirfrutherb3.jpg'),(281,'/work/pics/pending/all','Minuartia_arctica.jpg'),(282,'/work/pics/pending/all','minuartia-austriaca-001.jpg'),(283,'/work/pics/pending/all','minuartia-austriaca37025.jpg'),(284,'/work/pics/pending/all','Minuartia_austriaca_e3d2c6d5.jpg'),(285,'/work/pics/pending/all','minuartia-austriaca.jpg'),(286,'/work/pics/pending/all','Minuartia_austriaca_sterreich-Miere_IMG_3246.JPG'),(287,'/work/pics/pending/all','minuartia-caespitosa-1.jpg'),(288,'/work/pics/pending/all','Minuartia_capillacea01.jpg'),(289,'/work/pics/pending/all','Minuartia_capillacea_1.jpg'),(290,'/work/pics/pending/all','minuartia-capillacea22740.jpg'),(291,'/work/pics/pending/all','Minuartia_capillacea_2.jpg'),(292,'/work/pics/pending/all','Minuartia_capillacea_4.JPG'),(293,'/work/pics/pending/all','Minuartia-capillaceaN9897.jpg'),(294,'/work/pics/pending/all','minuartia-caroliniana-ha-fbramley.jpg'),(295,'/work/pics/pending/all','MinuartiaCerastiifolia_4.jpg'),(296,'/work/pics/pending/all','Minuartia_cherlerioides1.jpg'),(297,'/work/pics/pending/all','Minuartiacherlerioides1.jpg'),(298,'/work/pics/pending/all','Minuartia_cherlerioides_30134_141849.jpg'),(299,'/work/pics/pending/all','Minuartiadianthifolia12.jpg'),(300,'/work/pics/pending/all','Minuartiadouglasii2.jpg'),(301,'/work/pics/pending/all','Minuartiaelegans_8949_RB006.JPG'),(302,'/work/pics/pending/all','Minuartia_elegans.jpg'),(303,'/work/pics/pending/all','minuartia_frutescens_kit_tuzson_brentakurdvium1.jpg'),(304,'/work/pics/pending/all','minuartia_geniculata.jpg'),(305,'/work/pics/pending/all','Minuartia_gerardii_-_Alpen-Miere_auf_der_Rax.jpg'),(306,'/work/pics/pending/all','Minuartia_gerardii.jpg'),(307,'/work/pics/pending/all','minuartia-glabra-fl-dcameron-a.jpg'),(308,'/work/pics/pending/all','minuartia-glabra-fr-dmcgrady.jpg'),(309,'/work/pics/pending/all','minuartia-glomerata-subsp-trichocalycina450.jpg'),(310,'/work/pics/pending/all','Minuartiagraminifolia.jpg'),(311,'/work/pics/pending/all','minuartia-grignensis10111.jpg'),(312,'/work/pics/pending/all','Minuartia_groenlandica_1.jpg'),(313,'/work/pics/pending/all','Minuartia_groenlandica_3.jpg'),(314,'/work/pics/pending/all','Minuartiahamata.jpg'),(315,'/work/pics/pending/all','minuartiahercynherb1.jpg'),(316,'/work/pics/pending/all','Minuartia-hirsuta-a_extern.jpg'),(317,'/work/pics/pending/all','Minuartiahirsutafalcata.jpg'),(318,'/work/pics/pending/all','Minuartia-hirsuta-ssp-falcata_extern_picasaweb.jpg'),(319,'/work/pics/pending/all','Minuartiahirsutasspfrutescens1Saxifraga-JanvanderStraaten.jpg'),(320,'/work/pics/pending/all','Minuartiahirsutasubspfrutescens_2_1_logo.jpg'),(321,'/work/pics/pending/all','minuartia-hybrida-hybrida-82-lavaurette-29-05-2012-c.jpg'),(322,'/work/pics/pending/all','MinuartiahybridaOptevozjuin2012P1100549.JPG'),(323,'/work/pics/pending/all','Minuartia_inamoena__20080711_046_GE_KheviKazbegi_NEaboveGudauri_GE-CAK-CP4_3020m__IMG_6739.JPG'),(324,'/work/pics/pending/all','Minuartiajuniperina1CopenhagenBotGarden130625.JPG'),(325,'/work/pics/pending/all','minuartiajuniperina.jpg'),(326,'/work/pics/pending/all','Minuartiajuniperina.jpg'),(327,'/work/pics/pending/all','MinuartiajuniperinaL_MARIEETPETITM_jpg.jpg'),(328,'/work/pics/pending/all','Minuartia-kashmirica.jpg'),(329,'/work/pics/pending/all','Minuartia_kitaibelii_a1.jpg'),(330,'/work/pics/pending/all','minuartialangiiherb1.jpg'),(331,'/work/pics/pending/all','minuartia_laricifolia_04.jpg'),(332,'/work/pics/pending/all','Minuartia_laricifolia_______16_07_2004_1.JPG'),(333,'/work/pics/pending/all','Minuartia_laricifolia_1.JPG'),(334,'/work/pics/pending/all','minuartia_laricifolia2.jpg'),(335,'/work/pics/pending/all','Minuartia_laricifolia_2.JPG'),(336,'/work/pics/pending/all','Minuartia_laricifolia_ssp_kitaibelii-IMG_4268.jpg'),(337,'/work/pics/pending/all','minuartia-laricifolia-subsp-kitaibelii29520.jpg'),(338,'/work/pics/pending/all','minuartia-laricifolia-subsp-kitaibelii8298.jpg'),(339,'/work/pics/pending/all','minuartia-laricifolia-subsp-laricifoli66724.jpg'),(340,'/work/pics/pending/all','minuartia-laricifolia-subsp-ophiolitica12302.jpg'),(341,'/work/pics/pending/all','minuartia-laricifolia-subsp-ophiolitica12307.jpg'),(342,'/work/pics/pending/all','Minuartia_lineata__20070707_105_Iran_AlborzS_TouchalW_3200m__IMG_0157.JPG'),(343,'/work/pics/pending/all','Minuartia_liniflora_________03_07_2003_1.JPG'),(344,'/work/pics/pending/all','minuartiaobtus3.jpg'),(345,'/work/pics/pending/all','Minuartia_obtusiloba_3.JPG'),(346,'/work/pics/pending/all','minuartiaobtusilobaIMG_8237.jpg'),(347,'/work/pics/pending/all','Minuartia_patula_22260_500.jpg'),(348,'/work/pics/pending/all','Minuartia_patula_22269_500.jpg'),(349,'/work/pics/pending/all','Minuartiapichleri-812-6.JPG'),(350,'/work/pics/pending/all','Minuartia-picta.jpg'),(351,'/work/pics/pending/all','Minuartiarecur3CopenhagenBotGarden130611.JPG'),(352,'/work/pics/pending/all','minuartiarecurva10.jpg'),(353,'/work/pics/pending/all','Minuartia_recurva___________17_08_2004_1.JPG'),(354,'/work/pics/pending/all','Minuartiarecurva3Saxifraga-WillemvanKruijsbergen.jpg'),(355,'/work/pics/pending/all','minuartiarecurva.JPG'),(356,'/work/pics/pending/all','Minuartia_recurva_Krummb._Miere.JPG'),(357,'/work/pics/pending/all','minuartiarecurvat.jpg'),(358,'/work/pics/pending/all','Minuartia_rostrata_19759_94254.jpg'),(359,'/work/pics/pending/all','Minuartia_rostrata_38050_176693.jpg'),(360,'/work/pics/pending/all','Minuartia-rostrata_585.jpg'),(361,'/work/pics/pending/all','minuartia-rostrata-82-st-antonin-capucin-15-03-2008-b.jpg'),(362,'/work/pics/pending/all','MinuartiarostrataPersRchb18411842_-_Minuartirostre_001.JPG'),(363,'/work/pics/pending/all','Minuartiarubella_9322_RB001corrected.JPG'),(364,'/work/pics/pending/all','Minuartiarubella_9322_RB003corrected.JPG'),(365,'/work/pics/pending/all','Minuartiarubella.jpg'),(366,'/work/pics/pending/all','minuartia-rupestris1122.jpg'),(367,'/work/pics/pending/all','Minuartiarupestris2.jpg'),(368,'/work/pics/pending/all','Minuartia_rupestris_________30_07_2004_1.JPG'),(369,'/work/pics/pending/all','minuartia_saxifraga_tmolea.JPG'),(370,'/work/pics/pending/all','minuartiasedoideMinuartiasedoides148104_07_2009_0702FLORL.jpg'),(371,'/work/pics/pending/all','minuartia-sedoides-1.jpg'),(372,'/work/pics/pending/all','minuartia_smejkalii_1.jpg'),(373,'/work/pics/pending/all','minuartia_smejkalii_2.jpg'),(374,'/work/pics/pending/all','Minuartia-stellata-kitaibelii.JPG'),(375,'/work/pics/pending/all','minuartiaverna121.jpg'),(376,'/work/pics/pending/all','minuartiaverna12.jpg'),(377,'/work/pics/pending/all','Minuartia_verna_____________13_06_2006_1.JPG'),(378,'/work/pics/pending/all','Minuartia_verna_17907_86144.jpg'),(379,'/work/pics/pending/all','Minuartiaverna-20030716-ColleBettaforca.jpg'),(380,'/work/pics/pending/all','Minuartia_verna_____________27_06_2005_2.JPG'),(381,'/work/pics/pending/all','Minuartia_verna_81626868.jpg'),(382,'/work/pics/pending/all','minuartia-verna893.jpg'),(383,'/work/pics/pending/all','Minuartia_verna.jpg'),(384,'/work/pics/pending/all','minuartiavernasspidaea04.JPG'),(385,'/work/pics/pending/all','minuartia-verna-subsp-verna358.jpg'),(386,'/work/pics/pending/all','Minuartia_verna_var._japonica_1.JPG'),(387,'/work/pics/pending/all','Minuartia_verna_var._japonica_4.JPG'),(388,'/work/pics/pending/all','Minuartia_verna_var._japonica_5.JPG'),(389,'/work/pics/pending/all','minuartrecurvaherb3.jpg'),(390,'/work/pics/pending/all','minuatia_verna_m_bolza_06_11_IMG_3386.jpg'),(391,'/work/pics/pending/all','minulanceolata_1.jpg'),(392,'/work/pics/pending/all','minupauci5.jpg'),(393,'/work/pics/pending/all','moss-campion-a-rare-find-in-cwm-idwal.jpg'),(394,'/work/pics/pending/all','Moss-campion-flowers.jpg'),(395,'/work/pics/pending/all','moss-campion-foliage.jpg'),(396,'/work/pics/pending/all','mosscampionimg_3397.jpg'),(397,'/work/pics/pending/all','Moss_Campionj.jpg'),(398,'/work/pics/pending/all','moss_campion.jpg'),(399,'/work/pics/pending/all','Moss-Campion.jpg'),(400,'/work/pics/pending/all','moss_campionm.jpg'),(401,'/work/pics/pending/all','moss_campion_mount_distincta_dempster_highway_south_eagle_plains_yukon_june2707.jpg'),(402,'/work/pics/pending/all','moss_campionp.jpg'),(403,'/work/pics/pending/all','moss-campion-silene-acaulis_493.jpg'),(404,'/work/pics/pending/all','MossCampionSileneacaulis.JPG'),(405,'/work/pics/pending/all','moss_campion-silene_acaulis-matterhorn_sacajawea-oregon-08.14.11.jpg'),(406,'/work/pics/pending/all','moss-campion-silene-acaulis-svalbard_c7a9.jpg'),(407,'/work/pics/pending/all','moss-campion-wildflowers-patch_glacier-park-montana-cottage-rental.jpg'),(408,'/work/pics/pending/all','N09054D01_SZ336.jpg'),(409,'/work/pics/pending/all','name.jpg'),(410,'/work/pics/pending/all','ngustifoliaonPikesPeakDSC06651-vi.jpg'),(411,'/work/pics/pending/all','Nor1-009-Moss-campion-Besseggen-Ridge-Trail.jpg'),(412,'/work/pics/pending/all','normal_001-silene-acaulis.jpg'),(413,'/work/pics/pending/all','NorwegenInfoPflanzenBlLeimkrautStengel01.jpg'),(414,'/work/pics/pending/all','One-flowered-Cinquefoil-Potentilla-uniflora-Moss-Campion-Silene-acaulis.jpg'),(415,'/work/pics/pending/all','p1020669.jpg'),(416,'/work/pics/pending/all','P1030551.jpg'),(417,'/work/pics/pending/all','P1040377.jpg'),(418,'/work/pics/pending/all','P1040494-S.jpg'),(419,'/work/pics/pending/all','P1140652.JPG'),(420,'/work/pics/pending/all','P1150409.JPG'),(421,'/work/pics/pending/all','P1330749.JPG'),(422,'/work/pics/pending/all','p13410736-3.jpg'),(423,'/work/pics/pending/all','P6243535.jpg'),(424,'/work/pics/pending/all','p6260167.jpg'),(425,'/work/pics/pending/all','P7080045.jpg'),(426,'/work/pics/pending/all','PAllioniwildcollectedDSCN4894.jpg'),(427,'/work/pics/pending/all','P_all_Jenny.jpg'),(428,'/work/pics/pending/all','P_all_MrsD.jpg'),(429,'/work/pics/pending/all','Pangustifolia2.jpg'),(430,'/work/pics/pending/all','Pangustifolia.jpg'),(431,'/work/pics/pending/all','parker-ridge-trail.jpg'),(432,'/work/pics/pending/all','paronychia6_4_3.jpg'),(433,'/work/pics/pending/all','ParonychiaJamesii2.jpg'),(434,'/work/pics/pending/all','Paronychia_jamesii_ALS__7705.jpg'),(435,'/work/pics/pending/all','Paronychiajamesii_ALS_7706.jpg'),(436,'/work/pics/pending/all','ParonychiaJamesiii.jpg'),(437,'/work/pics/pending/all','paronychiajamesii.jpg'),(438,'/work/pics/pending/all','Paronychia_pulvinata_ALS_3753.jpg'),(439,'/work/pics/pending/all','Paronychia_pulvinata_ALS_9100.jpg'),(440,'/work/pics/pending/all','parry-primrose-primula-parryi.jpg'),(441,'/work/pics/pending/all','pDSCN11305.jpg'),(442,'/work/pics/pending/all','PIC013-L.jpg'),(443,'/work/pics/pending/all','pink_primula_800.jpg'),(444,'/work/pics/pending/all','PMP_4167.jpg_201011791945_PMP_4167.jpg'),(445,'/work/pics/pending/all','post-12150-1386190772.jpg'),(446,'/work/pics/pending/all','post-13249-1378167234.jpg'),(447,'/work/pics/pending/all','post-13249-1378167294.jpg'),(448,'/work/pics/pending/all','post-656-0-51803700-1327787862.jpg'),(449,'/work/pics/pending/all','pri_da_1.jpg'),(450,'/work/pics/pending/all','prigloemb.jpg'),(451,'/work/pics/pending/all','Primevereprimulaceaeprimulavulgaris.JPG'),(452,'/work/pics/pending/all','prim.jpg'),(453,'/work/pics/pending/all','primrose-parrys-primula-parryi-cloud-peak-wilderness.jpg'),(454,'/work/pics/pending/all','primrose-parrys-primula-parryi-eagles-nest-wilderness.jpg'),(455,'/work/pics/pending/all','primrosesierra01.jpg'),(456,'/work/pics/pending/all','primula22.jpg'),(457,'/work/pics/pending/all','primula2.jpg'),(458,'/work/pics/pending/all','Primula34.JPG'),(459,'/work/pics/pending/all','PrimulaabchasicaandChionodoxaDSCN0042.JPG'),(460,'/work/pics/pending/all','PrimulaallioniiPerkieexjcaJPG.jpg'),(461,'/work/pics/pending/all','primula-androsace-spinulifera-perhaps-30703.jpg'),(462,'/work/pics/pending/all','primula_angustifolia.jpg'),(463,'/work/pics/pending/all','Primulaangustifolia.png'),(464,'/work/pics/pending/all','Primulaangustifolia_PRI_2639.jpg'),(465,'/work/pics/pending/all','Primulaangustifolia_PRI_9066.jpg'),(466,'/work/pics/pending/all','primula-catchfly-117427_640.jpg'),(467,'/work/pics/pending/all','primula_chionantha_ssp_melanops.jpg'),(468,'/work/pics/pending/all','Primula_denticulata_Sakhalin_3.JPG'),(469,'/work/pics/pending/all','Primuladeuteronanagos141.jpg'),(470,'/work/pics/pending/all','primula-elatior-crescendo-blue-shades-u4040-4.jpg'),(471,'/work/pics/pending/all','PrimulaellisiaeMay122010455.jpg'),(472,'/work/pics/pending/all','primula-farinosa-00016.jpg'),(473,'/work/pics/pending/all','Primula_farinosa_flowers_100704.jpg'),(474,'/work/pics/pending/all','Primula_farinosa_khangai.jpg'),(475,'/work/pics/pending/all','primula-flower_26.jpg'),(476,'/work/pics/pending/all','primula-flower_30.jpg'),(477,'/work/pics/pending/all','Primula,_from_Riza_DSC071156565.JPG'),(478,'/work/pics/pending/all','Primulafrondosa.JPG'),(479,'/work/pics/pending/all','primula_japonica_candelabra_primrose_japanese_cowslip_flowers_23-05-04_2.jpg'),(480,'/work/pics/pending/all','primula-japonica-detail.jpg'),(481,'/work/pics/pending/all','Primula_japonica.jpg'),(482,'/work/pics/pending/all','primula.jpg'),(483,'/work/pics/pending/all','Primulajuliae0002.jpg'),(484,'/work/pics/pending/all','primula-juliae-003.jpg'),(485,'/work/pics/pending/all','Primula-kisoana-002.jpg'),(486,'/work/pics/pending/all','primula-kisoana-12-15-2010-3-35-06-pm-4-6-2010-9-15-11-am.jpg'),(487,'/work/pics/pending/all','Primula_kisoana_5.jpg'),(488,'/work/pics/pending/all','primula-kisoana.jpg'),(489,'/work/pics/pending/all','primulakisoana.jpg'),(490,'/work/pics/pending/all','primula_kisoana_pink.jpg'),(491,'/work/pics/pending/all','Primula-kisoana-Velvet-primrose.jpg'),(492,'/work/pics/pending/all','Primula-malacoides.jpg'),(493,'/work/pics/pending/all','Primula_Millers_Crimson.jpg'),(494,'/work/pics/pending/all','primulamillers.jpg'),(495,'/work/pics/pending/all','PrimulaObconica_lg.jpg'),(496,'/work/pics/pending/all','Primulaparrkyi.jpg'),(497,'/work/pics/pending/all','primula-parryi1.jpg'),(498,'/work/pics/pending/all','Primula_parryi_1.jpg'),(499,'/work/pics/pending/all','Primulaparryi2.jpg'),(500,'/work/pics/pending/all','PrimulaParryi31jul2010_lg.jpg'),(501,'/work/pics/pending/all','Primulaparryi3.jpg'),(502,'/work/pics/pending/all','Primula_parryi-Alplains.jpg'),(503,'/work/pics/pending/all','PrimulaParryiBloomingtonLake.jpg'),(504,'/work/pics/pending/all','Primula-parryi-detail-copy.jpg'),(505,'/work/pics/pending/all','Primula_parryi_flora.jpg'),(506,'/work/pics/pending/all','Primula-parryi-Fweb-8-1-0.jpg'),(507,'/work/pics/pending/all','Primulaparryihabit20June071248p675x.jpg'),(508,'/work/pics/pending/all','Primulaparryiinfl20June071248p700x.jpg'),(509,'/work/pics/pending/all','Primula-parryi.jpg'),(510,'/work/pics/pending/all','Primulaparryi.jpg'),(511,'/work/pics/pending/all','Primula_parryi.JPG'),(512,'/work/pics/pending/all','primula_parryik.jpg'),(513,'/work/pics/pending/all','Primula_parryi_l.jpg'),(514,'/work/pics/pending/all','Primula_parryi_pin_flower.jpg'),(515,'/work/pics/pending/all','Primulaparryi_Primulaceae_ParrysPrimrose_2.jpg'),(516,'/work/pics/pending/all','Primulaparryi_Primulaceae_ParrysPrimrose_4.jpg'),(517,'/work/pics/pending/all','Primulaparryi_Primulaceae_ParrysPrimrose_.jpg'),(518,'/work/pics/pending/all','Primula_parryi_rock_gdn_April_2002_Patx.jpg'),(519,'/work/pics/pending/all','Primulapoissonii.jpg'),(520,'/work/pics/pending/all','primula-pulverulenta-flower.jpg'),(521,'/work/pics/pending/all','PrimulaRusbyi.jpg'),(522,'/work/pics/pending/all','primula-rusbyi-may-24-2011.jpg'),(523,'/work/pics/pending/all','primulas-and-others-020.jpg'),(524,'/work/pics/pending/all','Primulascotica.JPG'),(525,'/work/pics/pending/all','primula-sieboldii-seneca-stari-9702.s-62961r-02.jpg'),(526,'/work/pics/pending/all','Primulas_Primula_Obconica_Libre_TM_Fuchsia-1medium.jpg'),(527,'/work/pics/pending/all','primulaSuffCU.jpg'),(528,'/work/pics/pending/all','primulat.jpg'),(529,'/work/pics/pending/all','Primula_tosaensis_flower.jpg'),(530,'/work/pics/pending/all','primula-tschuktschorum-arcita_5772.jpg'),(531,'/work/pics/pending/all','PrimulaturkestanicaAlmaty.jpg'),(532,'/work/pics/pending/all','Primula-Wanda1.jpg'),(533,'/work/pics/pending/all','primula_x_polyantha_polyanthus_garden_hybrid_mauve_flowers_23-04-07.jpg'),(534,'/work/pics/pending/all','prpa_005_php.jpg'),(535,'/work/pics/pending/all','p_rusbyi.jpg'),(536,'/work/pics/pending/all','RBG10-3624.JPG'),(537,'/work/pics/pending/all','RockyMountainNailwortParonychiapulvinata.JPG'),(538,'/work/pics/pending/all','rostlinny-endemismus-a-endemity-ceske-kveteny-14.jpg'),(539,'/work/pics/pending/all','rtw_minuartia_glabra_2.jpg'),(540,'/work/pics/pending/all','S6210005MoCa.jpg'),(541,'/work/pics/pending/all','sandwort.jpg'),(542,'/work/pics/pending/all','SANY0676_800x600.JPG'),(543,'/work/pics/pending/all','ScreenShot2014-05-05at120704PM.png'),(544,'/work/pics/pending/all','sierra-primrose2.jpg'),(545,'/work/pics/pending/all','sierra_primrose_by_sellsworth-d46gv1n.jpg'),(546,'/work/pics/pending/all','Sierraprimrose_EMLL_B066.JPG'),(547,'/work/pics/pending/all','SierraPrimrose.jpg'),(548,'/work/pics/pending/all','SierraPrimrosePrimulauffrutescens_EMLL140.JPG'),(549,'/work/pics/pending/all','SILAMS.jpg'),(550,'/work/pics/pending/all','Silenacaulis3.JPG'),(551,'/work/pics/pending/all','Silene20acaulis20and20Saxifraga20crustata201-S.jpg'),(552,'/work/pics/pending/all','silene_acaule_2498.jpg'),(553,'/work/pics/pending/all','Sileneacaule.jpg'),(554,'/work/pics/pending/all','Silene-acaule-Silene-acaulis-1.jpg'),(555,'/work/pics/pending/all','Silene-acaule-Silene-acaulis-2.jpg'),(556,'/work/pics/pending/all','Silene_acaule_-_Silene_acaulis.jpg'),(557,'/work/pics/pending/all','silene_acaulis01.jpg'),(558,'/work/pics/pending/all','sileneacaulis01.jpg'),(559,'/work/pics/pending/all','Sileneacaulis01.JPG'),(560,'/work/pics/pending/all','Silene_acaulis_10vii7_5882Gr.jpg'),(561,'/work/pics/pending/all','silene-acaulis-1.jpg'),(562,'/work/pics/pending/all','silene-acaulis1.jpg'),(563,'/work/pics/pending/all','Silene_acaulis1.jpg'),(564,'/work/pics/pending/all','silene-acaulis28588.jpg'),(565,'/work/pics/pending/all','silene_acaulis_2.jpg'),(566,'/work/pics/pending/all','silene-acaulis2.jpg'),(567,'/work/pics/pending/all','Silene_acaulis-2.jpg'),(568,'/work/pics/pending/all','silene_acaulis_3.jpg'),(569,'/work/pics/pending/all','silene_acaulis_4.jpg'),(570,'/work/pics/pending/all','silene_acaulis4.jpg'),(571,'/work/pics/pending/all','silene--acaulis4.JPG'),(572,'/work/pics/pending/all','Silene_acaulis5224.JPG'),(573,'/work/pics/pending/all','silene_acaulis_5.jpg'),(574,'/work/pics/pending/all','SileneAcaulis6_1.jpg'),(575,'/work/pics/pending/all','silene_acaulis_7.jpg'),(576,'/work/pics/pending/all','silene_acaulis_8.jpg'),(577,'/work/pics/pending/all','silene_acaulis8.jpg'),(578,'/work/pics/pending/all','Silene_acaulis_a2.jpg'),(579,'/work/pics/pending/all','Silene_acaulis_a5.jpg'),(580,'/work/pics/pending/all','silene-acaulisa.jpg'),(581,'/work/pics/pending/all','Silene_acaulis_Anne_Spiegel.jpg'),(582,'/work/pics/pending/all','Silene_acaulisb.jpg'),(583,'/work/pics/pending/all','Sileneacauliscenisia2.jpg'),(584,'/work/pics/pending/all','Silene-acaulis-C.jpg'),(585,'/work/pics/pending/all','sileneacauliscloseup.jpg'),(586,'/work/pics/pending/all','Silene-acaulis-copy.jpg'),(587,'/work/pics/pending/all','silene_acaulis_cu_lg.jpg'),(588,'/work/pics/pending/all','Silene-acaulis-ex-nor-1.jpg'),(589,'/work/pics/pending/all','Silene_acaulis__fiori_montagna_1.jpg'),(590,'/work/pics/pending/all','Silene_acaulis_Floribunda.jpg'),(591,'/work/pics/pending/all','Sileneacaulisflower001.JPG'),(592,'/work/pics/pending/all','Silene-acaulis-FL-web-N67tn.jpg'),(593,'/work/pics/pending/all','Silene_acaulis_Grand_Ridge.jpg'),(594,'/work/pics/pending/all','Silene-acaulis_gr.jpg'),(595,'/work/pics/pending/all','silene-acaulis-ha-tscott.jpg'),(596,'/work/pics/pending/all','sileneacaulisherb.jpg'),(597,'/work/pics/pending/all','Silene_acaulis.JPEG'),(598,'/work/pics/pending/all','sileneacaulis.jpg'),(599,'/work/pics/pending/all','Silene-acaulis.jpg'),(600,'/work/pics/pending/all','Silene_Acaulis.jpg'),(601,'/work/pics/pending/all','Silene_acaulis_Kalk-Polsternelke.JPG'),(602,'/work/pics/pending/all','Silene-acaulisk.jpg'),(603,'/work/pics/pending/all','Silene_acaulis_LC0153.jpg'),(604,'/work/pics/pending/all','sileneacaulislepnicabezodygowa2.jpg'),(605,'/work/pics/pending/all','silene_acaulis_lg.jpg'),(606,'/work/pics/pending/all','silene_acaulisl.jpg'),(607,'/work/pics/pending/all','silene-acaulisl.jpg'),(608,'/work/pics/pending/all','silene-acaulislk.jpg'),(609,'/work/pics/pending/all','Silene-acaulis-long-1.jpg'),(610,'/work/pics/pending/all','Silene-acaulis-long.jpg'),(611,'/work/pics/pending/all','Silene-acaulism.jpg'),(612,'/work/pics/pending/all','silene_acaulis_moss_campion_close_large.jpg'),(613,'/work/pics/pending/all','silene_acaulis_moss_campion_large.jpg'),(614,'/work/pics/pending/all','silene-acaulis-on-whistler-old-063.jpg'),(615,'/work/pics/pending/all','silene_acaulis_PID1445-1.jpg'),(616,'/work/pics/pending/all','Sileneacaulispinkandwhite.jpg'),(617,'/work/pics/pending/all','Silene_acaulis_ssp_acaulis__20000612_013__AT_STMK_BadAussee_Sarstein_1950m.jpg'),(618,'/work/pics/pending/all','Silene_acaulis_ssp_bryoides__19980813_009_AT_Tirol_SchrankogelSE_3100m.jpg'),(619,'/work/pics/pending/all','Silene_acaulis_ssp_bryoides__2004_07_28_002_AT_Tirol_StubaierAlpen_Schrankogel_SW_2900m.jpg'),(620,'/work/pics/pending/all','silene-acaulis-ssp-exscapa-visoflora-35758.jpg'),(621,'/work/pics/pending/all','Silene_acaulis_subsp_acaulis__20080629_041d_IT_Abruzzo_Maiella_FemminaMorta_2400m__IMG_6283.JPG'),(622,'/work/pics/pending/all','silene-acaulis-subsp-acaulis37137.jpg'),(623,'/work/pics/pending/all','Silene_acaulis_upernavik_2007_07_12_1.jpg'),(624,'/work/pics/pending/all','silene-acaulis-visoflora-7567.jpg'),(625,'/work/pics/pending/all','silene_acaulisv.jpg'),(626,'/work/pics/pending/all','Silene-acaulisz.jpg'),(627,'/work/pics/pending/all','sileneacaul.jpg'),(628,'/work/pics/pending/all','silene-acualis-ev1.jpg'),(629,'/work/pics/pending/all','Sileneacualis.JPG'),(630,'/work/pics/pending/all','sileneacudfsdjskd.JPG'),(631,'/work/pics/pending/all','Silene-exscapa-3.jpg'),(632,'/work/pics/pending/all','silene.jpg'),(633,'/work/pics/pending/all','silenka-bezlodyzna-silene-acaulis-949.jpg'),(634,'/work/pics/pending/all','sizedMinuartiaattica16553.JPG'),(635,'/work/pics/pending/all','sizedPrimulaallioniiPerkie2009-04-048594.JPG'),(636,'/work/pics/pending/all','sizedPrimulaangustifolia229182.JPG'),(637,'/work/pics/pending/all','sizedPrimulacortusioides18903.jpg'),(638,'/work/pics/pending/all','sizedPrimulaparryi30051013989.JPG'),(639,'/work/pics/pending/all','sizedPrimulaparryiHorseshoeclose24765.jpg'),(640,'/work/pics/pending/all','sizedPrimulapetiolaris3248.JPG'),(641,'/work/pics/pending/all','sizedsizedWeb_700_pix_Silene_avaulis_Mt_Snowdon_Wessex_Water_best_novice__Pauline_CarlessTewkesbury_Show__13_7_13_Raw_edit_IMG_2944_129772.jpg'),(642,'/work/pics/pending/all','sld_flora_minuartia_verna_de.jpg'),(643,'/work/pics/pending/all','SpolocenstvosMinuartiafrutescens.JPG'),(644,'/work/pics/pending/all','spring_sandwort_6002.jpg'),(645,'/work/pics/pending/all','SpringSandwort.jpg'),(646,'/work/pics/pending/all','Stangelloses_Leimkraut.jpg'),(647,'/work/pics/pending/all','stengelloses_Leimkraut600aw2.jpg'),(648,'/work/pics/pending/all','StengellosesLeimkrautSileneacaulis.jpg'),(649,'/work/pics/pending/all','suffrutescensCW2.jpg'),(650,'/work/pics/pending/all','tatry10.JPG'),(651,'/work/pics/pending/all','TIB_3187c.jpg'),(652,'/work/pics/pending/all','TNP_0288camp9ElmHillMinuartia9085.jpg'),(653,'/work/pics/pending/all','Trail20Ridge20Road20196-X2.jpg'),(654,'/work/pics/pending/all','TrailRidgeRoad201-X2.jpg'),(655,'/work/pics/pending/all','tzlalit_hakilaim.jpg'),(656,'/work/pics/pending/all','vasquez_pass10.jpg'),(657,'/work/pics/pending/all','Viola-alpina.jpg'),(658,'/work/pics/pending/all','_vyr_181Silene-acaulis-1.jpg'),(659,'/work/pics/pending/all','Wildflower-1.jpg'),(660,'/work/pics/pending/all','x-Flora-MossCampion1x.jpg'),(661,'/work/pics/pending/all','zfj013.jpg');
/*!40000 ALTER TABLE `images` ENABLE KEYS */;
UNLOCK TABLES;

--
-- Table structure for table `observations`
--

DROP TABLE IF EXISTS `observations`;
/*!40101 SET @saved_cs_client     = @@character_set_client */;
/*!40101 SET character_set_client = utf8 */;
CREATE TABLE `observations` (
  `ObsID` int(11) NOT NULL AUTO_INCREMENT,
  `Time` time DEFAULT NULL,
  `Date` date DEFAULT NULL,
  `Latitude` float(9,4) DEFAULT NULL,
  `Longitude` float(9,6) DEFAULT NULL,
  `ImageURL` varchar(256) DEFAULT NULL,
  `DiskLoction` varchar(256) DEFAULT NULL,
  `ImageID` int(11) NOT NULL DEFAULT '0',
  `Username` varchar(16) DEFAULT NULL,
  `IsSilene` tinyint(1) DEFAULT NULL,
  PRIMARY KEY (`ObsID`),
  KEY `ImageID` (`ImageID`),
  KEY `user_obs` (`Username`),
  CONSTRAINT `observations_ibfk_1` FOREIGN KEY (`ImageID`) REFERENCES `images` (`ImageID`),
  CONSTRAINT `user_obs` FOREIGN KEY (`Username`) REFERENCES `users` (`Username`)
) ENGINE=InnoDB AUTO_INCREMENT=662 DEFAULT CHARSET=latin1;
/*!40101 SET character_set_client = @saved_cs_client */;

--
-- Dumping data for table `observations`
--

LOCK TABLES `observations` WRITE;
/*!40000 ALTER TABLE `observations` DISABLE KEYS */;
INSERT INTO `observations` VALUES (1,'19:58:48','2015-02-17',0.0599,0.458901,NULL,NULL,1,NULL,0),(2,'19:58:49','2015-02-17',0.1175,0.566783,NULL,NULL,2,NULL,0),(3,'19:58:49','2015-02-17',0.8895,0.428364,NULL,NULL,3,NULL,0),(4,'19:58:49','2015-02-17',0.7606,0.517790,NULL,NULL,4,NULL,1),(5,'19:58:50','2015-02-17',0.5522,0.168216,NULL,NULL,5,NULL,1),(6,'19:58:50','2015-02-17',0.4309,0.803677,NULL,NULL,6,NULL,0),(7,'19:58:51','2015-02-17',0.1919,0.722411,NULL,NULL,7,NULL,1),(8,'19:58:51','2015-02-17',0.0728,0.225131,NULL,NULL,8,NULL,1),(9,'19:58:52','2015-02-17',0.5996,0.204200,NULL,NULL,9,NULL,0),(10,'19:58:52','2015-02-17',0.1123,0.238259,NULL,NULL,10,NULL,1),(11,'19:58:53','2015-02-17',0.2055,0.112803,NULL,NULL,11,NULL,0),(12,'19:58:53','2015-02-17',0.6376,0.872045,NULL,NULL,12,NULL,1),(13,'19:58:53','2015-02-17',0.8698,0.491265,NULL,NULL,13,NULL,0),(14,'19:58:54','2015-02-17',0.6929,0.116350,NULL,NULL,14,NULL,0),(15,'19:58:54','2015-02-17',0.8014,0.930848,NULL,NULL,15,NULL,1),(16,'19:58:55','2015-02-17',0.8616,0.544365,NULL,NULL,16,NULL,0),(17,'19:58:55','2015-02-17',0.8707,0.906328,NULL,NULL,17,NULL,1),(18,'19:58:55','2015-02-17',0.2821,0.307215,NULL,NULL,18,NULL,1),(19,'19:58:55','2015-02-17',0.0526,0.448562,NULL,NULL,19,NULL,1),(20,'19:58:56','2015-02-17',0.3529,0.817161,NULL,NULL,20,NULL,0),(21,'19:58:56','2015-02-17',0.4604,0.917018,NULL,NULL,21,NULL,1),(22,'19:58:57','2015-02-17',0.1888,0.874023,NULL,NULL,22,NULL,0),(23,'19:58:57','2015-02-17',0.3710,0.794356,NULL,NULL,23,NULL,0),(24,'19:58:57','2015-02-17',0.3354,0.993455,NULL,NULL,24,NULL,0),(25,'19:58:57','2015-02-17',0.9101,0.880381,NULL,NULL,25,NULL,1),(26,'19:58:58','2015-02-17',0.2534,0.908643,NULL,NULL,26,NULL,0),(27,'19:59:00','2015-02-17',0.1896,0.508771,NULL,NULL,27,NULL,0),(28,'19:59:01','2015-02-17',0.1214,0.892336,NULL,NULL,28,NULL,0),(29,'19:59:01','2015-02-17',0.5956,0.188983,NULL,NULL,29,NULL,1),(30,'19:59:02','2015-02-17',0.8536,0.475031,NULL,NULL,30,NULL,1),(31,'19:59:04','2015-02-17',0.1534,0.491104,NULL,NULL,31,NULL,1),(32,'19:59:04','2015-02-17',0.8077,0.969760,NULL,NULL,32,NULL,0),(33,'19:59:05','2015-02-17',0.2263,0.204183,NULL,NULL,33,NULL,1),(34,'19:59:05','2015-02-17',0.9929,0.344981,NULL,NULL,34,NULL,0),(35,'19:59:11','2015-02-17',0.4483,0.989308,NULL,NULL,35,NULL,0),(36,'19:59:12','2015-02-17',0.3885,0.728835,NULL,NULL,36,NULL,0),(37,'19:59:13','2015-02-17',0.2509,0.947593,NULL,NULL,37,NULL,1),(38,'19:59:13','2015-02-17',0.6504,0.519239,NULL,NULL,38,NULL,0),(39,'19:59:15','2015-02-17',0.0359,0.365679,NULL,NULL,39,NULL,0),(40,'19:59:16','2015-02-17',0.6753,0.305083,NULL,NULL,40,NULL,1),(41,'19:59:16','2015-02-17',0.4177,0.408090,NULL,NULL,41,NULL,0),(42,'19:59:17','2015-02-17',0.1313,0.683450,NULL,NULL,42,NULL,1),(43,'19:59:17','2015-02-17',0.6550,0.083911,NULL,NULL,43,NULL,0),(44,'19:59:18','2015-02-17',0.9830,0.680997,NULL,NULL,44,NULL,1),(45,'19:59:20','2015-02-17',0.5611,0.804146,NULL,NULL,45,NULL,1),(46,'19:59:21','2015-02-17',0.1719,0.548864,NULL,NULL,46,NULL,1),(47,'19:59:22','2015-02-17',0.9545,0.283114,NULL,NULL,47,NULL,0),(48,'19:59:22','2015-02-17',0.8855,0.389328,NULL,NULL,48,NULL,0),(49,'19:59:23','2015-02-17',0.0825,0.767788,NULL,NULL,49,NULL,0),(50,'19:59:25','2015-02-17',0.6900,0.664419,NULL,NULL,50,NULL,0),(51,'19:59:26','2015-02-17',0.2495,0.113617,NULL,NULL,51,NULL,0),(52,'19:59:26','2015-02-17',0.2923,0.743330,NULL,NULL,52,NULL,0),(53,'19:59:30','2015-02-17',0.6905,0.247212,NULL,NULL,53,NULL,0),(54,'19:59:30','2015-02-17',0.3742,0.509911,NULL,NULL,54,NULL,1),(55,'19:59:31','2015-02-17',0.4684,0.445033,NULL,NULL,55,NULL,1),(56,'19:59:32','2015-02-17',0.5865,0.798744,NULL,NULL,56,NULL,1),(57,'19:59:32','2015-02-17',0.8868,0.258870,NULL,NULL,57,NULL,0),(58,'19:59:33','2015-02-17',0.0529,0.259510,NULL,NULL,58,NULL,0),(59,'19:59:34','2015-02-17',0.9373,0.801802,NULL,NULL,59,NULL,0),(60,'19:59:34','2015-02-17',0.7274,0.528748,NULL,NULL,60,NULL,0),(61,'19:59:34','2015-02-17',0.9763,0.282865,NULL,NULL,61,NULL,0),(62,'19:59:39','2015-02-17',0.6942,0.221813,NULL,NULL,62,NULL,1),(63,'19:59:39','2015-02-17',0.7677,0.104250,NULL,NULL,63,NULL,0),(64,'19:59:39','2015-02-17',0.2596,0.982717,NULL,NULL,64,NULL,0),(65,'19:59:40','2015-02-17',0.5890,0.711504,NULL,NULL,65,NULL,0),(66,'19:59:40','2015-02-17',0.0341,0.017272,NULL,NULL,66,NULL,0),(67,'19:59:41','2015-02-17',0.2900,0.399918,NULL,NULL,67,NULL,1),(68,'19:59:41','2015-02-17',0.2764,0.518081,NULL,NULL,68,NULL,0),(69,'19:59:41','2015-02-17',0.0956,0.661131,NULL,NULL,69,NULL,0),(70,'19:59:41','2015-02-17',0.9110,0.369946,NULL,NULL,70,NULL,0),(71,'19:59:42','2015-02-17',0.4090,0.865847,NULL,NULL,71,NULL,0),(72,'19:59:42','2015-02-17',0.7514,0.418940,NULL,NULL,72,NULL,0),(73,'19:59:42','2015-02-17',0.5487,0.996536,NULL,NULL,73,NULL,1),(74,'19:59:43','2015-02-17',0.1404,0.942562,NULL,NULL,74,NULL,0),(75,'19:59:43','2015-02-17',0.9121,0.996972,NULL,NULL,75,NULL,1),(76,'19:59:43','2015-02-17',0.3944,0.897189,NULL,NULL,76,NULL,1),(77,'19:59:58','2015-02-17',0.4385,0.175626,NULL,NULL,77,NULL,0),(78,'19:59:59','2015-02-17',0.6368,0.418564,NULL,NULL,78,NULL,0),(79,'19:59:59','2015-02-17',0.8039,0.547650,NULL,NULL,79,NULL,0),(80,'19:59:59','2015-02-17',0.7222,0.295003,NULL,NULL,80,NULL,1),(81,'20:00:00','2015-02-17',0.6354,0.843154,NULL,NULL,81,NULL,0),(82,'20:00:00','2015-02-17',0.1322,0.773318,NULL,NULL,82,NULL,0),(83,'20:00:00','2015-02-17',0.5906,0.197350,NULL,NULL,83,NULL,0),(84,'20:00:01','2015-02-17',0.3056,0.960669,NULL,NULL,84,NULL,1),(85,'20:00:04','2015-02-17',0.3394,0.530269,NULL,NULL,85,NULL,1),(86,'20:00:04','2015-02-17',0.8880,0.036332,NULL,NULL,86,NULL,1),(87,'20:00:05','2015-02-17',0.2868,0.229269,NULL,NULL,87,NULL,1),(88,'20:00:10','2015-02-17',0.6739,0.410085,NULL,NULL,88,NULL,0),(89,'20:00:10','2015-02-17',0.9292,0.273732,NULL,NULL,89,NULL,1),(90,'20:00:20','2015-02-17',0.2275,0.810116,NULL,NULL,90,NULL,1),(91,'20:00:21','2015-02-17',0.3140,0.506033,NULL,NULL,91,NULL,0),(92,'20:00:22','2015-02-17',0.9729,0.462641,NULL,NULL,92,NULL,0),(93,'20:00:22','2015-02-17',0.4493,0.883873,NULL,NULL,93,NULL,0),(94,'20:00:23','2015-02-17',0.2323,0.861567,NULL,NULL,94,NULL,1),(95,'20:00:23','2015-02-17',0.5471,0.580447,NULL,NULL,95,NULL,1),(96,'20:00:24','2015-02-17',0.6040,0.585725,NULL,NULL,96,NULL,0),(97,'20:00:25','2015-02-17',0.3352,0.330973,NULL,NULL,97,NULL,0),(98,'20:00:25','2015-02-17',0.7594,0.719993,NULL,NULL,98,NULL,0),(99,'20:00:25','2015-02-17',0.3171,0.077126,NULL,NULL,99,NULL,0),(100,'20:00:25','2015-02-17',0.9277,0.712477,NULL,NULL,100,NULL,1),(101,'20:00:26','2015-02-17',0.2790,0.233488,NULL,NULL,101,NULL,0),(102,'20:00:34','2015-02-17',0.1307,0.162951,NULL,NULL,102,NULL,1),(103,'20:00:35','2015-02-17',0.7121,0.583358,NULL,NULL,103,NULL,0),(104,'20:00:35','2015-02-17',0.3414,0.899076,NULL,NULL,104,NULL,1),(105,'20:00:35','2015-02-17',0.3821,0.616093,NULL,NULL,105,NULL,0),(106,'20:00:36','2015-02-17',0.4396,0.926207,NULL,NULL,106,NULL,1),(107,'20:00:36','2015-02-17',0.7111,0.178460,NULL,NULL,107,NULL,1),(108,'20:00:39','2015-02-17',0.1918,0.299023,NULL,NULL,108,NULL,0),(109,'20:00:39','2015-02-17',0.8847,0.984612,NULL,NULL,109,NULL,0),(110,'20:00:40','2015-02-17',0.9265,0.015251,NULL,NULL,110,NULL,1),(111,'20:00:40','2015-02-17',0.7367,0.179484,NULL,NULL,111,NULL,1),(112,'20:00:40','2015-02-17',0.9709,0.458134,NULL,NULL,112,NULL,0),(113,'20:00:41','2015-02-17',0.0254,0.629130,NULL,NULL,113,NULL,1),(114,'20:00:41','2015-02-17',0.1240,0.528385,NULL,NULL,114,NULL,1),(115,'20:00:42','2015-02-17',0.9159,0.650938,NULL,NULL,115,NULL,0),(116,'20:00:42','2015-02-17',0.5000,0.699675,NULL,NULL,116,NULL,0),(117,'20:00:42','2015-02-17',0.6464,0.661754,NULL,NULL,117,NULL,1),(118,'20:00:43','2015-02-17',0.0537,0.847988,NULL,NULL,118,NULL,0),(119,'20:00:43','2015-02-17',0.8490,0.801410,NULL,NULL,119,NULL,0),(120,'20:00:44','2015-02-17',0.7501,0.714901,NULL,NULL,120,NULL,1),(121,'20:00:44','2015-02-17',0.7384,0.676905,NULL,NULL,121,NULL,1),(122,'20:00:44','2015-02-17',0.7447,0.691266,NULL,NULL,122,NULL,1),(123,'20:00:45','2015-02-17',0.7146,0.906025,NULL,NULL,123,NULL,0),(124,'20:00:47','2015-02-17',0.9414,0.421440,NULL,NULL,124,NULL,0),(125,'20:00:47','2015-02-17',0.5197,0.200025,NULL,NULL,125,NULL,0),(126,'20:00:47','2015-02-17',0.7033,0.661316,NULL,NULL,126,NULL,0),(127,'20:00:47','2015-02-17',0.2766,0.529511,NULL,NULL,127,NULL,0),(128,'20:00:47','2015-02-17',0.7073,0.028566,NULL,NULL,128,NULL,1),(129,'20:00:48','2015-02-17',0.9768,0.683803,NULL,NULL,129,NULL,0),(130,'20:00:49','2015-02-17',0.1661,0.059107,NULL,NULL,130,NULL,0),(131,'20:00:50','2015-02-17',0.2229,0.574235,NULL,NULL,131,NULL,1),(132,'20:01:03','2015-02-17',0.3752,0.489548,NULL,NULL,132,NULL,0),(133,'20:01:04','2015-02-17',0.8596,0.659231,NULL,NULL,133,NULL,0),(134,'20:01:04','2015-02-17',0.6442,0.523470,NULL,NULL,134,NULL,0),(135,'20:01:04','2015-02-17',0.6100,0.206139,NULL,NULL,135,NULL,0),(136,'20:01:05','2015-02-17',0.2042,0.155034,NULL,NULL,136,NULL,1),(137,'20:01:06','2015-02-17',0.0112,0.308228,NULL,NULL,137,NULL,0),(138,'20:01:07','2015-02-17',0.6047,0.243726,NULL,NULL,138,NULL,1),(139,'20:01:09','2015-02-17',0.7686,0.870624,NULL,NULL,139,NULL,1),(140,'20:01:11','2015-02-17',0.6790,0.931440,NULL,NULL,140,NULL,0),(141,'20:01:14','2015-02-17',0.1722,0.666754,NULL,NULL,141,NULL,0),(142,'20:01:14','2015-02-17',0.3366,0.765646,NULL,NULL,142,NULL,0),(143,'20:01:22','2015-02-17',0.0422,0.791068,NULL,NULL,143,NULL,1),(144,'20:01:23','2015-02-17',0.3680,0.128662,NULL,NULL,144,NULL,1),(145,'20:01:24','2015-02-17',0.0486,0.120056,NULL,NULL,145,NULL,1),(146,'20:01:24','2015-02-17',0.2591,0.955597,NULL,NULL,146,NULL,1),(147,'20:01:25','2015-02-17',0.9519,0.803385,NULL,NULL,147,NULL,1),(148,'20:01:26','2015-02-17',0.7546,0.766574,NULL,NULL,148,NULL,1),(149,'20:01:27','2015-02-17',0.2214,0.365231,NULL,NULL,149,NULL,1),(150,'20:01:29','2015-02-17',0.5630,0.263805,NULL,NULL,150,NULL,1),(151,'20:01:30','2015-02-17',0.3916,0.574791,NULL,NULL,151,NULL,1),(152,'20:01:31','2015-02-17',0.4681,0.859504,NULL,NULL,152,NULL,1),(153,'20:01:32','2015-02-17',0.3887,0.377039,NULL,NULL,153,NULL,1),(154,'20:01:32','2015-02-17',0.5448,0.551538,NULL,NULL,154,NULL,0),(155,'20:01:32','2015-02-17',0.4589,0.767950,NULL,NULL,155,NULL,0),(156,'20:01:34','2015-02-17',0.6508,0.485252,NULL,NULL,156,NULL,0),(157,'20:01:36','2015-02-17',0.0828,0.012093,NULL,NULL,157,NULL,0),(158,'20:01:36','2015-02-17',0.7680,0.408344,NULL,NULL,158,NULL,0),(159,'20:01:37','2015-02-17',0.3960,0.076296,NULL,NULL,159,NULL,0),(160,'20:01:38','2015-02-17',0.0455,0.584084,NULL,NULL,160,NULL,0),(161,'20:01:39','2015-02-17',0.0669,0.843333,NULL,NULL,161,NULL,0),(162,'20:01:43','2015-02-17',0.6827,0.712096,NULL,NULL,162,NULL,0),(163,'20:01:43','2015-02-17',0.8862,0.634618,NULL,NULL,163,NULL,0),(164,'20:01:44','2015-02-17',0.0519,0.962077,NULL,NULL,164,NULL,0),(165,'20:01:47','2015-02-17',0.6540,0.388386,NULL,NULL,165,NULL,0),(166,'20:01:47','2015-02-17',0.4806,0.233910,NULL,NULL,166,NULL,1),(167,'20:01:48','2015-02-17',0.4201,0.179049,NULL,NULL,167,NULL,1),(168,'20:01:48','2015-02-17',0.9510,0.668927,NULL,NULL,168,NULL,1),(169,'20:01:48','2015-02-17',0.0546,0.300329,NULL,NULL,169,NULL,0),(170,'20:01:48','2015-02-17',0.1560,0.862429,NULL,NULL,170,NULL,0),(171,'20:01:49','2015-02-17',0.2256,0.537162,NULL,NULL,171,NULL,0),(172,'20:01:50','2015-02-17',0.9903,0.218028,NULL,NULL,172,NULL,0),(173,'20:01:50','2015-02-17',0.4407,0.075707,NULL,NULL,173,NULL,1),(174,'20:01:50','2015-02-17',0.5581,0.853327,NULL,NULL,174,NULL,0),(175,'20:01:51','2015-02-17',0.3739,0.652765,NULL,NULL,175,NULL,0),(176,'20:01:51','2015-02-17',0.0979,0.649450,NULL,NULL,176,NULL,0),(177,'20:01:51','2015-02-17',0.0363,0.820861,NULL,NULL,177,NULL,0),(178,'20:01:52','2015-02-17',0.7975,0.873315,NULL,NULL,178,NULL,0),(179,'20:01:53','2015-02-17',0.9029,0.406843,NULL,NULL,179,NULL,0),(180,'20:01:53','2015-02-17',0.3389,0.247423,NULL,NULL,180,NULL,0),(181,'20:01:53','2015-02-17',0.5762,0.774687,NULL,NULL,181,NULL,0),(182,'20:01:53','2015-02-17',0.6241,0.150213,NULL,NULL,182,NULL,0),(183,'20:01:54','2015-02-17',0.1660,0.685942,NULL,NULL,183,NULL,1),(184,'20:01:54','2015-02-17',0.4000,0.262721,NULL,NULL,184,NULL,1),(185,'20:01:55','2015-02-17',0.8346,0.697835,NULL,NULL,185,NULL,0),(186,'20:01:55','2015-02-17',0.1141,0.154108,NULL,NULL,186,NULL,1),(187,'20:01:55','2015-02-17',0.5746,0.420009,NULL,NULL,187,NULL,0),(188,'20:01:56','2015-02-17',0.8597,0.206237,NULL,NULL,188,NULL,1),(189,'20:01:56','2015-02-17',0.2862,0.851289,NULL,NULL,189,NULL,1),(190,'20:02:06','2015-02-17',0.4504,0.095939,NULL,NULL,190,NULL,1),(191,'20:02:10','2015-02-17',0.1677,0.378466,NULL,NULL,191,NULL,0),(192,'20:02:11','2015-02-17',0.9072,0.083361,NULL,NULL,192,NULL,1),(193,'20:02:11','2015-02-17',0.3649,0.672757,NULL,NULL,193,NULL,0),(194,'20:02:12','2015-02-17',0.0788,0.154766,NULL,NULL,194,NULL,0),(195,'20:02:13','2015-02-17',0.8563,0.911456,NULL,NULL,195,NULL,0),(196,'20:02:13','2015-02-17',0.9343,0.542898,NULL,NULL,196,NULL,0),(197,'20:02:14','2015-02-17',0.8842,0.542394,NULL,NULL,197,NULL,0),(198,'20:02:14','2015-02-17',0.6143,0.255515,NULL,NULL,198,NULL,0),(199,'20:02:15','2015-02-17',0.4895,0.807026,NULL,NULL,199,NULL,1),(200,'20:02:15','2015-02-17',0.4630,0.142933,NULL,NULL,200,NULL,0),(201,'20:02:16','2015-02-17',0.8255,0.053962,NULL,NULL,201,NULL,0),(202,'20:02:16','2015-02-17',0.6801,0.550962,NULL,NULL,202,NULL,1),(203,'20:02:16','2015-02-17',0.1912,0.049301,NULL,NULL,203,NULL,1),(204,'20:02:22','2015-02-17',0.3658,0.550871,NULL,NULL,204,NULL,0),(205,'20:02:23','2015-02-17',0.0731,0.766890,NULL,NULL,205,NULL,0),(206,'20:02:24','2015-02-17',0.2287,0.147041,NULL,NULL,206,NULL,1),(207,'20:02:26','2015-02-17',0.1088,0.664943,NULL,NULL,207,NULL,0),(208,'20:02:27','2015-02-17',0.3452,0.461019,NULL,NULL,208,NULL,0),(209,'20:02:31','2015-02-17',0.2392,0.135813,NULL,NULL,209,NULL,1),(210,'20:02:32','2015-02-17',0.2284,0.275953,NULL,NULL,210,NULL,0),(211,'20:02:35','2015-02-17',0.6663,0.852611,NULL,NULL,211,NULL,1),(212,'20:02:35','2015-02-17',0.5666,0.592905,NULL,NULL,212,NULL,0),(213,'20:02:35','2015-02-17',0.3330,0.296772,NULL,NULL,213,NULL,0),(214,'20:02:36','2015-02-17',0.1104,0.307957,NULL,NULL,214,NULL,0),(215,'20:02:36','2015-02-17',0.6639,0.098622,NULL,NULL,215,NULL,0),(216,'20:02:37','2015-02-17',0.2856,0.278510,NULL,NULL,216,NULL,0),(217,'20:02:37','2015-02-17',0.5196,0.050987,NULL,NULL,217,NULL,0),(218,'20:02:38','2015-02-17',0.2765,0.444367,NULL,NULL,218,NULL,0),(219,'20:02:38','2015-02-17',0.0994,0.958446,NULL,NULL,219,NULL,0),(220,'20:02:39','2015-02-17',0.5931,0.026232,NULL,NULL,220,NULL,0),(221,'20:02:39','2015-02-17',0.4627,0.056544,NULL,NULL,221,NULL,1),(222,'20:02:43','2015-02-17',0.5661,0.882090,NULL,NULL,222,NULL,1),(223,'20:02:43','2015-02-17',0.3018,0.950391,NULL,NULL,223,NULL,1),(224,'20:02:44','2015-02-17',0.5662,0.449715,NULL,NULL,224,NULL,1),(225,'20:02:48','2015-02-17',0.4870,0.919549,NULL,NULL,225,NULL,1),(226,'20:02:48','2015-02-17',0.6815,0.297210,NULL,NULL,226,NULL,0),(227,'20:02:48','2015-02-17',0.7750,0.290487,NULL,NULL,227,NULL,0),(228,'20:02:49','2015-02-17',0.5224,0.618208,NULL,NULL,228,NULL,0),(229,'20:02:51','2015-02-17',0.4750,0.938812,NULL,NULL,229,NULL,0),(230,'20:02:51','2015-02-17',0.1299,0.476836,NULL,NULL,230,NULL,0),(231,'20:02:53','2015-02-17',0.9466,0.774891,NULL,NULL,231,NULL,0),(232,'20:02:54','2015-02-17',0.6077,0.942727,NULL,NULL,232,NULL,0),(233,'20:02:55','2015-02-17',0.7777,0.594093,NULL,NULL,233,NULL,0),(234,'20:02:55','2015-02-17',0.0868,0.714047,NULL,NULL,234,NULL,0),(235,'20:02:55','2015-02-17',0.6329,0.172990,NULL,NULL,235,NULL,1),(236,'20:02:56','2015-02-17',0.6739,0.846153,NULL,NULL,236,NULL,0),(237,'20:03:02','2015-02-17',0.5411,0.033354,NULL,NULL,237,NULL,1),(238,'20:03:04','2015-02-17',0.8923,0.267197,NULL,NULL,238,NULL,0),(239,'20:03:05','2015-02-17',0.4025,0.189540,NULL,NULL,239,NULL,0),(240,'20:03:05','2015-02-17',0.7073,0.102629,NULL,NULL,240,NULL,0),(241,'20:03:06','2015-02-17',0.5472,0.286056,NULL,NULL,241,NULL,0),(242,'20:03:24','2015-02-17',0.4167,0.949522,NULL,NULL,242,NULL,0),(243,'20:03:24','2015-02-17',0.6723,0.394137,NULL,NULL,243,NULL,0),(244,'20:03:25','2015-02-17',0.4733,0.309827,NULL,NULL,244,NULL,0),(245,'20:03:25','2015-02-17',0.5887,0.192839,NULL,NULL,245,NULL,0),(246,'20:03:25','2015-02-17',0.3558,0.530469,NULL,NULL,246,NULL,0),(247,'20:03:26','2015-02-17',0.9556,0.688045,NULL,NULL,247,NULL,0),(248,'20:03:27','2015-02-17',0.6167,0.434338,NULL,NULL,248,NULL,0),(249,'20:03:27','2015-02-17',0.9931,0.029818,NULL,NULL,249,NULL,0),(250,'20:03:47','2015-02-17',0.7033,0.148744,NULL,NULL,250,NULL,1),(251,'20:03:49','2015-02-17',0.2836,0.748089,NULL,NULL,251,NULL,0),(252,'20:03:49','2015-02-17',0.5828,0.119581,NULL,NULL,252,NULL,1),(253,'20:03:50','2015-02-17',0.4696,0.341935,NULL,NULL,253,NULL,0),(254,'20:03:50','2015-02-17',0.6912,0.911224,NULL,NULL,254,NULL,0),(255,'20:03:50','2015-02-17',0.4268,0.919900,NULL,NULL,255,NULL,0),(256,'20:03:51','2015-02-17',0.3626,0.846532,NULL,NULL,256,NULL,1),(257,'20:03:52','2015-02-17',0.5802,0.187604,NULL,NULL,257,NULL,0),(258,'20:03:54','2015-02-17',0.1787,0.826496,NULL,NULL,258,NULL,0),(259,'20:03:54','2015-02-17',0.8117,0.142757,NULL,NULL,259,NULL,0),(260,'20:03:54','2015-02-17',0.1347,0.806555,NULL,NULL,260,NULL,0),(261,'20:03:55','2015-02-17',0.3647,0.157615,NULL,NULL,261,NULL,1),(262,'20:03:55','2015-02-17',0.3640,0.422261,NULL,NULL,262,NULL,0),(263,'20:03:55','2015-02-17',0.1845,0.134216,NULL,NULL,263,NULL,1),(264,'20:03:56','2015-02-17',0.9795,0.191083,NULL,NULL,264,NULL,1),(265,'20:03:56','2015-02-17',0.3189,0.930653,NULL,NULL,265,NULL,0),(266,'20:03:57','2015-02-17',0.7397,0.354400,NULL,NULL,266,NULL,0),(267,'20:03:57','2015-02-17',0.9922,0.545040,NULL,NULL,267,NULL,0),(268,'20:03:57','2015-02-17',0.3070,0.085074,NULL,NULL,268,NULL,0),(269,'20:03:58','2015-02-17',0.4642,0.412598,NULL,NULL,269,NULL,0),(270,'20:04:00','2015-02-17',0.7406,0.441171,NULL,NULL,270,NULL,1),(271,'20:04:08','2015-02-17',0.6357,0.647134,NULL,NULL,271,NULL,1),(272,'20:04:09','2015-02-17',0.2387,0.880933,NULL,NULL,272,NULL,0),(273,'20:04:11','2015-02-17',0.5906,0.827419,NULL,NULL,273,NULL,0),(274,'20:04:11','2015-02-17',0.9369,0.531545,NULL,NULL,274,NULL,0),(275,'20:04:12','2015-02-17',0.9886,0.087230,NULL,NULL,275,NULL,0),(276,'20:04:14','2015-02-17',0.2797,0.495992,NULL,NULL,276,NULL,0),(277,'20:04:14','2015-02-17',0.1500,0.650906,NULL,NULL,277,NULL,1),(278,'20:04:14','2015-02-17',0.2976,0.905763,NULL,NULL,278,NULL,0),(279,'20:04:15','2015-02-17',0.3560,0.675960,NULL,NULL,279,NULL,1),(280,'20:04:15','2015-02-17',0.9025,0.217439,NULL,NULL,280,NULL,0),(281,'20:04:15','2015-02-17',0.0662,0.746365,NULL,NULL,281,NULL,0),(282,'20:04:17','2015-02-17',0.9861,0.533002,NULL,NULL,282,NULL,0),(283,'20:04:18','2015-02-17',0.7926,0.729518,NULL,NULL,283,NULL,0),(284,'20:04:18','2015-02-17',0.5772,0.563133,NULL,NULL,284,NULL,0),(285,'20:04:19','2015-02-17',0.6516,0.685070,NULL,NULL,285,NULL,0),(286,'20:04:19','2015-02-17',0.6453,0.763474,NULL,NULL,286,NULL,0),(287,'20:04:21','2015-02-17',0.7113,0.510655,NULL,NULL,287,NULL,0),(288,'20:04:21','2015-02-17',0.9301,0.244809,NULL,NULL,288,NULL,0),(289,'20:04:22','2015-02-17',0.9367,0.007778,NULL,NULL,289,NULL,0),(290,'20:04:22','2015-02-17',0.5849,0.273043,NULL,NULL,290,NULL,0),(291,'20:04:23','2015-02-17',0.9534,0.438102,NULL,NULL,291,NULL,0),(292,'20:04:23','2015-02-17',0.2718,0.602366,NULL,NULL,292,NULL,0),(293,'20:04:24','2015-02-17',0.1438,0.306544,NULL,NULL,293,NULL,0),(294,'20:04:24','2015-02-17',0.3251,0.311152,NULL,NULL,294,NULL,0),(295,'20:04:25','2015-02-17',0.7080,0.635514,NULL,NULL,295,NULL,0),(296,'20:04:25','2015-02-17',0.5096,0.816111,NULL,NULL,296,NULL,0),(297,'20:04:25','2015-02-17',0.5030,0.283859,NULL,NULL,297,NULL,0),(298,'20:04:26','2015-02-17',0.6225,0.487577,NULL,NULL,298,NULL,0),(299,'20:04:26','2015-02-17',0.4693,0.277102,NULL,NULL,299,NULL,0),(300,'20:04:27','2015-02-17',0.0544,0.833611,NULL,NULL,300,NULL,0),(301,'20:04:27','2015-02-17',0.4869,0.198957,NULL,NULL,301,NULL,0),(302,'20:04:33','2015-02-17',0.2046,0.585575,NULL,NULL,302,NULL,0),(303,'20:04:52','2015-02-17',0.0018,0.437937,NULL,NULL,303,NULL,0),(304,'20:04:52','2015-02-17',0.0562,0.205220,NULL,NULL,304,NULL,0),(305,'20:04:53','2015-02-17',0.2039,0.698404,NULL,NULL,305,NULL,0),(306,'20:05:00','2015-02-17',0.2432,0.601367,NULL,NULL,306,NULL,0),(307,'20:05:04','2015-02-17',0.2026,0.829239,NULL,NULL,307,NULL,0),(308,'20:05:05','2015-02-17',0.9946,0.254823,NULL,NULL,308,NULL,0),(309,'20:05:05','2015-02-17',0.3430,0.795843,NULL,NULL,309,NULL,0),(310,'20:05:06','2015-02-17',0.8208,0.171222,NULL,NULL,310,NULL,0),(311,'20:05:06','2015-02-17',0.5736,0.600821,NULL,NULL,311,NULL,0),(312,'20:05:06','2015-02-17',0.6276,0.596051,NULL,NULL,312,NULL,0),(313,'20:05:06','2015-02-17',0.9961,0.268989,NULL,NULL,313,NULL,0),(314,'20:05:07','2015-02-17',0.2753,0.803668,NULL,NULL,314,NULL,0),(315,'20:05:07','2015-02-17',0.1624,0.501818,NULL,NULL,315,NULL,0),(316,'20:05:07','2015-02-17',0.5827,0.383947,NULL,NULL,316,NULL,1),(317,'20:05:08','2015-02-17',0.7684,0.246696,NULL,NULL,317,NULL,0),(318,'20:05:08','2015-02-17',0.0279,0.518550,NULL,NULL,318,NULL,0),(319,'20:05:09','2015-02-17',0.1648,0.159076,NULL,NULL,319,NULL,0),(320,'20:05:09','2015-02-17',0.1243,0.311470,NULL,NULL,320,NULL,0),(321,'20:05:10','2015-02-17',0.7507,0.679966,NULL,NULL,321,NULL,0),(322,'20:05:10','2015-02-17',0.5637,0.857024,NULL,NULL,322,NULL,1),(323,'20:05:11','2015-02-17',0.4340,0.825112,NULL,NULL,323,NULL,0),(324,'20:05:21','2015-02-17',0.3788,0.421288,NULL,NULL,324,NULL,0),(325,'20:05:33','2015-02-17',0.0101,0.728696,NULL,NULL,325,NULL,0),(326,'20:05:34','2015-02-17',0.8254,0.269090,NULL,NULL,326,NULL,0),(327,'20:05:34','2015-02-17',0.9906,0.358160,NULL,NULL,327,NULL,0),(328,'20:05:35','2015-02-17',0.4393,0.772264,NULL,NULL,328,NULL,0),(329,'20:05:35','2015-02-17',0.9597,0.717682,NULL,NULL,329,NULL,0),(330,'20:05:36','2015-02-17',0.6365,0.876599,NULL,NULL,330,NULL,0),(331,'20:05:37','2015-02-17',0.0964,0.952929,NULL,NULL,331,NULL,0),(332,'20:05:37','2015-02-17',0.7631,0.490772,NULL,NULL,332,NULL,0),(333,'20:05:37','2015-02-17',0.2490,0.427888,NULL,NULL,333,NULL,0),(334,'20:05:38','2015-02-17',0.1184,0.335661,NULL,NULL,334,NULL,0),(335,'20:05:38','2015-02-17',0.4870,0.236759,NULL,NULL,335,NULL,0),(336,'20:05:38','2015-02-17',0.7376,0.998678,NULL,NULL,336,NULL,0),(337,'20:05:57','2015-02-17',0.0258,0.786778,NULL,NULL,337,NULL,0),(338,'20:05:57','2015-02-17',0.7922,0.263228,NULL,NULL,338,NULL,0),(339,'20:05:58','2015-02-17',0.5275,0.041940,NULL,NULL,339,NULL,0),(340,'20:05:58','2015-02-17',0.6877,0.115490,NULL,NULL,340,NULL,0),(341,'20:05:59','2015-02-17',0.3271,0.145421,NULL,NULL,341,NULL,0),(342,'20:05:59','2015-02-17',0.9859,0.422855,NULL,NULL,342,NULL,0),(343,'20:06:10','2015-02-17',0.1264,0.039917,NULL,NULL,343,NULL,0),(344,'20:06:10','2015-02-17',0.5437,0.413759,NULL,NULL,344,NULL,0),(345,'20:06:10','2015-02-17',0.3338,0.437786,NULL,NULL,345,NULL,0),(346,'20:06:11','2015-02-17',0.9523,0.310940,NULL,NULL,346,NULL,0),(347,'20:06:11','2015-02-17',0.6151,0.914979,NULL,NULL,347,NULL,0),(348,'20:06:11','2015-02-17',0.0024,0.560600,NULL,NULL,348,NULL,0),(349,'20:06:11','2015-02-17',0.7849,0.522178,NULL,NULL,349,NULL,0),(350,'20:06:12','2015-02-17',0.4822,0.068808,NULL,NULL,350,NULL,0),(351,'20:06:12','2015-02-17',0.6252,0.578184,NULL,NULL,351,NULL,0),(352,'20:06:25','2015-02-17',0.9786,0.178445,NULL,NULL,352,NULL,0),(353,'20:06:25','2015-02-17',0.8936,0.849574,NULL,NULL,353,NULL,0),(354,'20:06:25','2015-02-17',0.1486,0.118862,NULL,NULL,354,NULL,0),(355,'20:06:26','2015-02-17',0.0965,0.073923,NULL,NULL,355,NULL,0),(356,'20:06:28','2015-02-17',0.2171,0.160168,NULL,NULL,356,NULL,0),(357,'20:06:30','2015-02-17',0.1931,0.491527,NULL,NULL,357,NULL,0),(358,'20:06:31','2015-02-17',0.9272,0.098537,NULL,NULL,358,NULL,0),(359,'20:06:31','2015-02-17',0.7017,0.737661,NULL,NULL,359,NULL,0),(360,'20:06:32','2015-02-17',0.3670,0.413773,NULL,NULL,360,NULL,0),(361,'20:06:33','2015-02-17',0.9393,0.728710,NULL,NULL,361,NULL,0),(362,'20:06:33','2015-02-17',0.5161,0.282704,NULL,NULL,362,NULL,0),(363,'20:06:34','2015-02-17',0.4491,0.107511,NULL,NULL,363,NULL,0),(364,'20:06:40','2015-02-17',0.7121,0.617937,NULL,NULL,364,NULL,0),(365,'20:06:46','2015-02-17',0.0987,0.851927,NULL,NULL,365,NULL,0),(366,'20:06:46','2015-02-17',0.6684,0.795575,NULL,NULL,366,NULL,0),(367,'20:06:47','2015-02-17',0.7824,0.215714,NULL,NULL,367,NULL,0),(368,'20:06:47','2015-02-17',0.2464,0.524375,NULL,NULL,368,NULL,0),(369,'20:06:48','2015-02-17',0.5929,0.571798,NULL,NULL,369,NULL,0),(370,'20:06:48','2015-02-17',0.6433,0.053949,NULL,NULL,370,NULL,0),(371,'20:06:49','2015-02-17',0.3078,0.762776,NULL,NULL,371,NULL,0),(372,'20:06:49','2015-02-17',0.7005,0.055648,NULL,NULL,372,NULL,0),(373,'20:06:49','2015-02-17',0.7296,0.716392,NULL,NULL,373,NULL,0),(374,'20:06:50','2015-02-17',0.9383,0.481778,NULL,NULL,374,NULL,0),(375,'20:06:50','2015-02-17',0.8976,0.015391,NULL,NULL,375,NULL,0),(376,'20:06:50','2015-02-17',0.7010,0.565923,NULL,NULL,376,NULL,0),(377,'20:06:51','2015-02-17',0.3944,0.939139,NULL,NULL,377,NULL,0),(378,'20:06:51','2015-02-17',0.1815,0.317064,NULL,NULL,378,NULL,1),(379,'20:06:51','2015-02-17',0.8008,0.733777,NULL,NULL,379,NULL,0),(380,'20:06:55','2015-02-17',0.2869,0.954213,NULL,NULL,380,NULL,0),(381,'20:06:55','2015-02-17',0.5104,0.900210,NULL,NULL,381,NULL,0),(382,'20:06:56','2015-02-17',0.4541,0.114320,NULL,NULL,382,NULL,0),(383,'20:06:56','2015-02-17',0.3598,0.118001,NULL,NULL,383,NULL,0),(384,'20:06:56','2015-02-17',0.9270,0.709129,NULL,NULL,384,NULL,0),(385,'20:06:57','2015-02-17',0.3051,0.512144,NULL,NULL,385,NULL,0),(386,'20:06:58','2015-02-17',0.5643,0.448335,NULL,NULL,386,NULL,0),(387,'20:07:06','2015-02-17',0.7837,0.517373,NULL,NULL,387,NULL,0),(388,'20:07:14','2015-02-17',0.8242,0.594630,NULL,NULL,388,NULL,0),(389,'20:07:22','2015-02-17',0.4102,0.830506,NULL,NULL,389,NULL,0),(390,'20:07:22','2015-02-17',0.0531,0.538804,NULL,NULL,390,NULL,0),(391,'20:07:23','2015-02-17',0.1504,0.128259,NULL,NULL,391,NULL,0),(392,'20:07:24','2015-02-17',0.6990,0.855074,NULL,NULL,392,NULL,0),(393,'20:07:24','2015-02-17',0.0837,0.628179,NULL,NULL,393,NULL,1),(394,'20:07:24','2015-02-17',0.8557,0.917976,NULL,NULL,394,NULL,1),(395,'20:07:25','2015-02-17',0.8394,0.070018,NULL,NULL,395,NULL,1),(396,'20:07:25','2015-02-17',0.2828,0.368948,NULL,NULL,396,NULL,1),(397,'20:07:30','2015-02-17',0.5513,0.739083,NULL,NULL,397,NULL,1),(398,'20:07:30','2015-02-17',0.6252,0.222010,NULL,NULL,398,NULL,1),(399,'20:07:31','2015-02-17',0.5332,0.452780,NULL,NULL,399,NULL,1),(400,'20:07:32','2015-02-17',0.8107,0.586317,NULL,NULL,400,NULL,1),(401,'20:07:33','2015-02-17',0.3042,0.717630,NULL,NULL,401,NULL,1),(402,'20:07:33','2015-02-17',0.4899,0.318085,NULL,NULL,402,NULL,1),(403,'20:07:34','2015-02-17',0.5566,0.773577,NULL,NULL,403,NULL,1),(404,'20:07:35','2015-02-17',0.3538,0.741854,NULL,NULL,404,NULL,1),(405,'20:07:37','2015-02-17',0.8682,0.936722,NULL,NULL,405,NULL,1),(406,'20:07:38','2015-02-17',0.3949,0.311824,NULL,NULL,406,NULL,1),(407,'20:07:39','2015-02-17',0.2461,0.060236,NULL,NULL,407,NULL,1),(408,'20:07:39','2015-02-17',0.4008,0.432405,NULL,NULL,408,NULL,0),(409,'20:07:40','2015-02-17',0.0121,0.480908,NULL,NULL,409,NULL,0),(410,'20:07:42','2015-02-17',0.2872,0.296897,NULL,NULL,410,NULL,0),(411,'20:07:42','2015-02-17',0.9568,0.769476,NULL,NULL,411,NULL,1),(412,'20:07:43','2015-02-17',0.2471,0.038221,NULL,NULL,412,NULL,1),(413,'20:07:43','2015-02-17',0.3154,0.405534,NULL,NULL,413,NULL,1),(414,'20:07:44','2015-02-17',0.0378,0.473104,NULL,NULL,414,NULL,1),(415,'20:07:54','2015-02-17',0.9933,0.000764,NULL,NULL,415,NULL,1),(416,'20:08:17','2015-02-17',0.2207,0.110069,NULL,NULL,416,NULL,1),(417,'20:08:28','2015-02-17',0.7131,0.038129,NULL,NULL,417,NULL,0),(418,'20:08:29','2015-02-17',0.4843,0.795593,NULL,NULL,418,NULL,0),(419,'20:08:29','2015-02-17',0.0761,0.246023,NULL,NULL,419,NULL,1),(420,'20:08:29','2015-02-17',0.5445,0.502662,NULL,NULL,420,NULL,1),(421,'20:08:31','2015-02-17',0.0238,0.322044,NULL,NULL,421,NULL,0),(422,'20:08:31','2015-02-17',0.4316,0.504247,NULL,NULL,422,NULL,0),(423,'20:08:32','2015-02-17',0.5530,0.926262,NULL,NULL,423,NULL,1),(424,'20:08:32','2015-02-17',0.0959,0.482458,NULL,NULL,424,NULL,0),(425,'20:08:48','2015-02-17',0.7565,0.007315,NULL,NULL,425,NULL,1),(426,'20:08:51','2015-02-17',0.0754,0.883440,NULL,NULL,426,NULL,0),(427,'20:08:52','2015-02-17',0.8972,0.711994,NULL,NULL,427,NULL,0),(428,'20:08:53','2015-02-17',0.6442,0.912628,NULL,NULL,428,NULL,0),(429,'20:08:53','2015-02-17',0.7508,0.523524,NULL,NULL,429,NULL,0),(430,'20:08:54','2015-02-17',0.1202,0.590073,NULL,NULL,430,NULL,0),(431,'20:08:54','2015-02-17',0.4335,0.064781,NULL,NULL,431,NULL,1),(432,'20:08:54','2015-02-17',0.8499,0.556216,NULL,NULL,432,NULL,0),(433,'20:08:55','2015-02-17',0.1091,0.916154,NULL,NULL,433,NULL,0),(434,'20:08:56','2015-02-17',0.8682,0.392213,NULL,NULL,434,NULL,0),(435,'20:08:56','2015-02-17',0.4915,0.746919,NULL,NULL,435,NULL,0),(436,'20:08:56','2015-02-17',0.5967,0.933959,NULL,NULL,436,NULL,0),(437,'20:08:57','2015-02-17',0.3700,0.566692,NULL,NULL,437,NULL,0),(438,'20:08:58','2015-02-17',0.7631,0.875429,NULL,NULL,438,NULL,0),(439,'20:08:58','2015-02-17',0.3354,0.986436,NULL,NULL,439,NULL,0),(440,'20:08:58','2015-02-17',0.7628,0.587522,NULL,NULL,440,NULL,0),(441,'20:08:59','2015-02-17',0.6444,0.285104,NULL,NULL,441,NULL,0),(442,'20:09:00','2015-02-17',0.4316,0.525880,NULL,NULL,442,NULL,1),(443,'20:09:01','2015-02-17',0.4666,0.674964,NULL,NULL,443,NULL,0),(444,'20:09:01','2015-02-17',0.7856,0.623513,NULL,NULL,444,NULL,0),(445,'20:09:02','2015-02-17',0.4703,0.787677,NULL,NULL,445,NULL,0),(446,'20:09:03','2015-02-17',0.4701,0.060666,NULL,NULL,446,NULL,0),(447,'20:09:04','2015-02-17',0.0699,0.371985,NULL,NULL,447,NULL,0),(448,'20:09:04','2015-02-17',0.2338,0.048783,NULL,NULL,448,NULL,0),(449,'20:09:05','2015-02-17',0.4363,0.819808,NULL,NULL,449,NULL,0),(450,'20:09:05','2015-02-17',0.8719,0.974666,NULL,NULL,450,NULL,0),(451,'20:09:06','2015-02-17',0.5282,0.486055,NULL,NULL,451,NULL,0),(452,'20:09:07','2015-02-17',0.6006,0.998957,NULL,NULL,452,NULL,0),(453,'20:09:08','2015-02-17',0.3335,0.683585,NULL,NULL,453,NULL,0),(454,'20:09:17','2015-02-17',0.9581,0.128070,NULL,NULL,454,NULL,0),(455,'20:09:29','2015-02-17',0.2359,0.958815,NULL,NULL,455,NULL,0),(456,'20:09:30','2015-02-17',0.1214,0.305032,NULL,NULL,456,NULL,0),(457,'20:09:30','2015-02-17',0.8447,0.251254,NULL,NULL,457,NULL,0),(458,'20:09:30','2015-02-17',0.3102,0.252525,NULL,NULL,458,NULL,0),(459,'20:09:31','2015-02-17',0.7047,0.513836,NULL,NULL,459,NULL,0),(460,'20:09:33','2015-02-17',0.6752,0.236048,NULL,NULL,460,NULL,0),(461,'20:09:33','2015-02-17',0.8580,0.188993,NULL,NULL,461,NULL,0),(462,'20:09:48','2015-02-17',0.6498,0.412442,NULL,NULL,462,NULL,0),(463,'20:09:48','2015-02-17',0.2403,0.817797,NULL,NULL,463,NULL,0),(464,'20:09:48','2015-02-17',0.2902,0.601112,NULL,NULL,464,NULL,0),(465,'20:09:49','2015-02-17',0.3933,0.548001,NULL,NULL,465,NULL,0),(466,'20:09:49','2015-02-17',0.9083,0.052973,NULL,NULL,466,NULL,1),(467,'20:09:49','2015-02-17',0.9203,0.026696,NULL,NULL,467,NULL,0),(468,'20:09:50','2015-02-17',0.8954,0.837258,NULL,NULL,468,NULL,0),(469,'20:10:03','2015-02-17',0.7084,0.989937,NULL,NULL,469,NULL,0),(470,'20:10:03','2015-02-17',0.9227,0.289216,NULL,NULL,470,NULL,0),(471,'20:10:04','2015-02-17',0.8485,0.860061,NULL,NULL,471,NULL,0),(472,'20:10:06','2015-02-17',0.8315,0.728332,NULL,NULL,472,NULL,0),(473,'20:10:06','2015-02-17',0.4705,0.027184,NULL,NULL,473,NULL,0),(474,'20:10:08','2015-02-17',0.3458,0.461260,NULL,NULL,474,NULL,0),(475,'20:10:09','2015-02-17',0.9041,0.537228,NULL,NULL,475,NULL,0),(476,'20:10:09','2015-02-17',0.7200,0.295274,NULL,NULL,476,NULL,0),(477,'20:10:10','2015-02-17',0.5813,0.150276,NULL,NULL,477,NULL,0),(478,'20:10:16','2015-02-17',0.5618,0.008020,NULL,NULL,478,NULL,0),(479,'20:10:18','2015-02-17',0.1997,0.041365,NULL,NULL,479,NULL,0),(480,'20:10:18','2015-02-17',0.2640,0.093258,NULL,NULL,480,NULL,0),(481,'20:10:19','2015-02-17',0.8145,0.982761,NULL,NULL,481,NULL,0),(482,'20:10:20','2015-02-17',0.7340,0.853233,NULL,NULL,482,NULL,0),(483,'20:10:20','2015-02-17',0.3641,0.702906,NULL,NULL,483,NULL,0),(484,'20:10:20','2015-02-17',0.4144,0.917850,NULL,NULL,484,NULL,0),(485,'20:10:22','2015-02-17',0.7824,0.392642,NULL,NULL,485,NULL,0),(486,'20:10:25','2015-02-17',0.1000,0.665564,NULL,NULL,486,NULL,0),(487,'20:10:26','2015-02-17',0.0651,0.484365,NULL,NULL,487,NULL,0),(488,'20:10:26','2015-02-17',0.7507,0.994371,NULL,NULL,488,NULL,0),(489,'20:10:27','2015-02-17',0.4255,0.442939,NULL,NULL,489,NULL,0),(490,'20:10:27','2015-02-17',0.3544,0.799772,NULL,NULL,490,NULL,0),(491,'20:10:28','2015-02-17',0.0211,0.609879,NULL,NULL,491,NULL,0),(492,'20:10:28','2015-02-17',0.0756,0.656479,NULL,NULL,492,NULL,0),(493,'20:10:28','2015-02-17',0.4494,0.682654,NULL,NULL,493,NULL,0),(494,'20:10:28','2015-02-17',0.0393,0.679035,NULL,NULL,494,NULL,0),(495,'20:10:29','2015-02-17',0.2361,0.450225,NULL,NULL,495,NULL,0),(496,'20:10:29','2015-02-17',0.7882,0.549856,NULL,NULL,496,NULL,0),(497,'20:10:30','2015-02-17',0.1222,0.767911,NULL,NULL,497,NULL,0),(498,'20:10:30','2015-02-17',0.0169,0.665270,NULL,NULL,498,NULL,0),(499,'20:10:39','2015-02-17',0.1071,0.296478,NULL,NULL,499,NULL,0),(500,'20:10:39','2015-02-17',0.1355,0.974334,NULL,NULL,500,NULL,0),(501,'20:10:40','2015-02-17',0.5518,0.394878,NULL,NULL,501,NULL,0),(502,'20:10:42','2015-02-17',0.2266,0.927132,NULL,NULL,502,NULL,0),(503,'20:10:42','2015-02-17',0.6359,0.541056,NULL,NULL,503,NULL,0),(504,'20:10:42','2015-02-17',0.7461,0.531041,NULL,NULL,504,NULL,0),(505,'20:10:42','2015-02-17',0.8609,0.766013,NULL,NULL,505,NULL,0),(506,'20:10:48','2015-02-17',0.5193,0.548190,NULL,NULL,506,NULL,0),(507,'20:10:49','2015-02-17',0.3891,0.195940,NULL,NULL,507,NULL,0),(508,'20:10:49','2015-02-17',0.1947,0.817458,NULL,NULL,508,NULL,0),(509,'20:10:50','2015-02-17',0.4930,0.019771,NULL,NULL,509,NULL,0),(510,'20:10:50','2015-02-17',0.6786,0.362263,NULL,NULL,510,NULL,0),(511,'20:10:50','2015-02-17',0.0434,0.313523,NULL,NULL,511,NULL,0),(512,'20:10:57','2015-02-17',0.4308,0.384305,NULL,NULL,512,NULL,0),(513,'20:10:57','2015-02-17',0.9639,0.200834,NULL,NULL,513,NULL,0),(514,'20:11:04','2015-02-17',0.1722,0.192725,NULL,NULL,514,NULL,0),(515,'20:11:07','2015-02-17',0.9955,0.402456,NULL,NULL,515,NULL,0),(516,'20:11:08','2015-02-17',0.1682,0.376558,NULL,NULL,516,NULL,0),(517,'20:11:08','2015-02-17',0.9989,0.702948,NULL,NULL,517,NULL,0),(518,'20:11:08','2015-02-17',0.7397,0.593683,NULL,NULL,518,NULL,0),(519,'20:11:08','2015-02-17',0.1812,0.529448,NULL,NULL,519,NULL,0),(520,'20:11:09','2015-02-17',0.8504,0.690803,NULL,NULL,520,NULL,0),(521,'20:11:18','2015-02-17',0.0514,0.780151,NULL,NULL,521,NULL,0),(522,'20:11:18','2015-02-17',0.7087,0.444451,NULL,NULL,522,NULL,0),(523,'20:11:26','2015-02-17',0.2844,0.657034,NULL,NULL,523,NULL,0),(524,'20:11:26','2015-02-17',0.1750,0.375552,NULL,NULL,524,NULL,0),(525,'20:11:28','2015-02-17',0.1422,0.942012,NULL,NULL,525,NULL,0),(526,'20:11:28','2015-02-17',0.0392,0.112398,NULL,NULL,526,NULL,0),(527,'20:11:28','2015-02-17',0.3101,0.862662,NULL,NULL,527,NULL,0),(528,'20:11:29','2015-02-17',0.6949,0.754578,NULL,NULL,528,NULL,0),(529,'20:11:29','2015-02-17',0.5950,0.414528,NULL,NULL,529,NULL,0),(530,'20:11:32','2015-02-17',0.5078,0.787267,NULL,NULL,530,NULL,0),(531,'20:11:32','2015-02-17',0.8518,0.070389,NULL,NULL,531,NULL,0),(532,'20:11:33','2015-02-17',0.4471,0.455448,NULL,NULL,532,NULL,0),(533,'20:11:34','2015-02-17',0.6587,0.666333,NULL,NULL,533,NULL,0),(534,'20:11:34','2015-02-17',0.6505,0.179862,NULL,NULL,534,NULL,0),(535,'20:11:38','2015-02-17',0.6954,0.816291,NULL,NULL,535,NULL,0),(536,'20:11:39','2015-02-17',0.0375,0.267748,NULL,NULL,536,NULL,1),(537,'20:11:40','2015-02-17',0.8049,0.293602,NULL,NULL,537,NULL,0),(538,'20:11:41','2015-02-17',0.1982,0.264324,NULL,NULL,538,NULL,0),(539,'20:11:41','2015-02-17',0.8936,0.241769,NULL,NULL,539,NULL,0),(540,'20:11:41','2015-02-17',0.2131,0.369277,NULL,NULL,540,NULL,1),(541,'20:11:42','2015-02-17',0.3869,0.637788,NULL,NULL,541,NULL,0),(542,'20:11:44','2015-02-17',0.0361,0.524720,NULL,NULL,542,NULL,0),(543,'20:11:44','2015-02-17',0.9700,0.472715,NULL,NULL,543,NULL,0),(544,'20:11:45','2015-02-17',0.1239,0.295608,NULL,NULL,544,NULL,0),(545,'20:11:45','2015-02-17',0.1567,0.171037,NULL,NULL,545,NULL,0),(546,'20:11:45','2015-02-17',0.8187,0.189907,NULL,NULL,546,NULL,0),(547,'20:11:47','2015-02-17',0.9808,0.461519,NULL,NULL,547,NULL,0),(548,'20:11:48','2015-02-17',0.7918,0.555086,NULL,NULL,548,NULL,0),(549,'20:11:49','2015-02-17',0.0256,0.421601,NULL,NULL,549,NULL,1),(550,'20:11:50','2015-02-17',0.7152,0.753498,NULL,NULL,550,NULL,1),(551,'20:11:50','2015-02-17',0.4231,0.408576,NULL,NULL,551,NULL,0),(552,'20:11:51','2015-02-17',0.3456,0.904899,NULL,NULL,552,NULL,1),(553,'20:11:51','2015-02-17',0.4724,0.286799,NULL,NULL,553,NULL,1),(554,'20:11:51','2015-02-17',0.6980,0.154967,NULL,NULL,554,NULL,1),(555,'20:11:53','2015-02-17',0.5496,0.344771,NULL,NULL,555,NULL,1),(556,'20:11:56','2015-02-17',0.3089,0.629741,NULL,NULL,556,NULL,1),(557,'20:11:59','2015-02-17',0.7824,0.198481,NULL,NULL,557,NULL,1),(558,'20:11:59','2015-02-17',0.8986,0.755701,NULL,NULL,558,NULL,1),(559,'20:11:59','2015-02-17',0.7707,0.830192,NULL,NULL,559,NULL,1),(560,'20:12:00','2015-02-17',0.6056,0.357380,NULL,NULL,560,NULL,1),(561,'20:12:01','2015-02-17',0.7319,0.973984,NULL,NULL,561,NULL,1),(562,'20:12:01','2015-02-17',0.4044,0.873534,NULL,NULL,562,NULL,1),(563,'20:12:01','2015-02-17',0.1949,0.869621,NULL,NULL,563,NULL,1),(564,'20:12:01','2015-02-17',0.3782,0.019575,NULL,NULL,564,NULL,1),(565,'20:12:02','2015-02-17',0.3005,0.571405,NULL,NULL,565,NULL,1),(566,'20:12:02','2015-02-17',0.6621,0.899316,NULL,NULL,566,NULL,1),(567,'20:12:03','2015-02-17',0.5446,0.121230,NULL,NULL,567,NULL,1),(568,'20:12:06','2015-02-17',0.2810,0.943209,NULL,NULL,568,NULL,1),(569,'20:12:07','2015-02-17',0.2395,0.097353,NULL,NULL,569,NULL,1),(570,'20:12:07','2015-02-17',0.4114,0.402547,NULL,NULL,570,NULL,1),(571,'20:12:08','2015-02-17',0.3872,0.548572,NULL,NULL,571,NULL,1),(572,'20:12:09','2015-02-17',0.4330,0.036453,NULL,NULL,572,NULL,0),(573,'20:12:10','2015-02-17',0.3013,0.483895,NULL,NULL,573,NULL,1),(574,'20:12:10','2015-02-17',0.8542,0.893643,NULL,NULL,574,NULL,1),(575,'20:12:11','2015-02-17',0.2527,0.664645,NULL,NULL,575,NULL,1),(576,'20:12:11','2015-02-17',0.0682,0.344921,NULL,NULL,576,NULL,1),(577,'20:12:12','2015-02-17',0.9790,0.814779,NULL,NULL,577,NULL,1),(578,'20:12:12','2015-02-17',0.5342,0.100642,NULL,NULL,578,NULL,1),(579,'20:12:14','2015-02-17',0.0657,0.698868,NULL,NULL,579,NULL,1),(580,'20:12:17','2015-02-17',0.4963,0.645059,NULL,NULL,580,NULL,1),(581,'20:12:17','2015-02-17',0.5021,0.213978,NULL,NULL,581,NULL,1),(582,'20:12:18','2015-02-17',0.1607,0.451835,NULL,NULL,582,NULL,1),(583,'20:12:18','2015-02-17',0.9965,0.789789,NULL,NULL,583,NULL,1),(584,'20:12:19','2015-02-17',0.6290,0.373746,NULL,NULL,584,NULL,1),(585,'20:12:20','2015-02-17',0.9911,0.799705,NULL,NULL,585,NULL,1),(586,'20:12:20','2015-02-17',0.6030,0.303855,NULL,NULL,586,NULL,1),(587,'20:12:20','2015-02-17',0.7182,0.029496,NULL,NULL,587,NULL,1),(588,'20:12:21','2015-02-17',0.9920,0.462085,NULL,NULL,588,NULL,1),(589,'20:12:21','2015-02-17',0.5788,0.501543,NULL,NULL,589,NULL,1),(590,'20:12:22','2015-02-17',0.5199,0.622467,NULL,NULL,590,NULL,1),(591,'20:12:22','2015-02-17',0.0707,0.800328,NULL,NULL,591,NULL,1),(592,'20:12:24','2015-02-17',0.2010,0.532220,NULL,NULL,592,NULL,1),(593,'20:12:24','2015-02-17',0.8202,0.453695,NULL,NULL,593,NULL,1),(594,'20:12:24','2015-02-17',0.2016,0.308834,NULL,NULL,594,NULL,1),(595,'20:12:24','2015-02-17',0.6027,0.703427,NULL,NULL,595,NULL,1),(596,'20:12:25','2015-02-17',0.0715,0.642791,NULL,NULL,596,NULL,1),(597,'20:12:26','2015-02-17',0.3211,0.126320,NULL,NULL,597,NULL,1),(598,'20:12:26','2015-02-17',0.7369,0.194643,NULL,NULL,598,NULL,1),(599,'20:12:26','2015-02-17',0.3133,0.991760,NULL,NULL,599,NULL,1),(600,'20:12:27','2015-02-17',0.7588,0.500238,NULL,NULL,600,NULL,1),(601,'20:12:32','2015-02-17',0.0711,0.916864,NULL,NULL,601,NULL,1),(602,'20:12:34','2015-02-17',0.1035,0.827125,NULL,NULL,602,NULL,1),(603,'20:12:49','2015-02-17',0.1323,0.462163,NULL,NULL,603,NULL,1),(604,'20:12:54','2015-02-17',0.4583,0.247811,NULL,NULL,604,NULL,1),(605,'20:12:55','2015-02-17',0.1378,0.122369,NULL,NULL,605,NULL,1),(606,'20:12:55','2015-02-17',0.8702,0.539677,NULL,NULL,606,NULL,1),(607,'20:12:56','2015-02-17',0.0177,0.646043,NULL,NULL,607,NULL,1),(608,'20:12:56','2015-02-17',0.6249,0.917460,NULL,NULL,608,NULL,1),(609,'20:12:56','2015-02-17',0.5656,0.517058,NULL,NULL,609,NULL,1),(610,'20:12:57','2015-02-17',0.6058,0.042915,NULL,NULL,610,NULL,1),(611,'20:12:57','2015-02-17',0.7378,0.238353,NULL,NULL,611,NULL,1),(612,'20:12:58','2015-02-17',0.1749,0.529363,NULL,NULL,612,NULL,1),(613,'20:12:59','2015-02-17',0.0157,0.066290,NULL,NULL,613,NULL,1),(614,'20:12:59','2015-02-17',0.9524,0.063656,NULL,NULL,614,NULL,1),(615,'20:13:00','2015-02-17',0.6029,0.021936,NULL,NULL,615,NULL,1),(616,'20:13:01','2015-02-17',0.6799,0.709552,NULL,NULL,616,NULL,1),(617,'20:13:02','2015-02-17',0.9529,0.879438,NULL,NULL,617,NULL,1),(618,'20:13:04','2015-02-17',0.6993,0.619323,NULL,NULL,618,NULL,1),(619,'20:13:06','2015-02-17',0.9540,0.825342,NULL,NULL,619,NULL,1),(620,'20:13:07','2015-02-17',0.7425,0.705552,NULL,NULL,620,NULL,1),(621,'20:13:09','2015-02-17',0.8496,0.822683,NULL,NULL,621,NULL,1),(622,'20:13:21','2015-02-17',0.4374,0.213263,NULL,NULL,622,NULL,1),(623,'20:13:21','2015-02-17',0.5620,0.517511,NULL,NULL,623,NULL,1),(624,'20:13:24','2015-02-17',0.4059,0.058759,NULL,NULL,624,NULL,1),(625,'20:13:25','2015-02-17',0.2309,0.827550,NULL,NULL,625,NULL,1),(626,'20:13:26','2015-02-17',0.2508,0.795203,NULL,NULL,626,NULL,1),(627,'20:13:26','2015-02-17',0.8063,0.731200,NULL,NULL,627,NULL,1),(628,'20:13:26','2015-02-17',0.1944,0.998625,NULL,NULL,628,NULL,1),(629,'20:13:27','2015-02-17',0.5972,0.976154,NULL,NULL,629,NULL,1),(630,'20:13:28','2015-02-17',0.2531,0.933937,NULL,NULL,630,NULL,1),(631,'20:13:29','2015-02-17',0.6098,0.118674,NULL,NULL,631,NULL,1),(632,'20:13:30','2015-02-17',0.0698,0.458867,NULL,NULL,632,NULL,1),(633,'20:13:31','2015-02-17',0.8773,0.234334,NULL,NULL,633,NULL,1),(634,'20:13:31','2015-02-17',0.1300,0.092096,NULL,NULL,634,NULL,0),(635,'20:13:32','2015-02-17',0.2998,0.497594,NULL,NULL,635,NULL,0),(636,'20:13:32','2015-02-17',0.8302,0.648992,NULL,NULL,636,NULL,0),(637,'20:13:33','2015-02-17',0.0421,0.054973,NULL,NULL,637,NULL,0),(638,'20:13:33','2015-02-17',0.4056,0.076619,NULL,NULL,638,NULL,0),(639,'20:13:33','2015-02-17',0.3872,0.052621,NULL,NULL,639,NULL,0),(640,'20:13:34','2015-02-17',0.6958,0.864034,NULL,NULL,640,NULL,0),(641,'20:13:34','2015-02-17',0.1941,0.372789,NULL,NULL,641,NULL,1),(642,'20:13:35','2015-02-17',0.2387,0.871067,NULL,NULL,642,NULL,0),(643,'20:13:35','2015-02-17',0.6434,0.730466,NULL,NULL,643,NULL,0),(644,'20:13:35','2015-02-17',0.0264,0.575848,NULL,NULL,644,NULL,0),(645,'20:13:36','2015-02-17',0.0104,0.996412,NULL,NULL,645,NULL,0),(646,'20:13:37','2015-02-17',0.2927,0.958168,NULL,NULL,646,NULL,1),(647,'20:13:37','2015-02-17',0.0949,0.658511,NULL,NULL,647,NULL,1),(648,'20:13:37','2015-02-17',0.9164,0.888376,NULL,NULL,648,NULL,1),(649,'20:13:53','2015-02-17',0.2332,0.523011,NULL,NULL,649,NULL,0),(650,'20:13:54','2015-02-17',0.6364,0.477488,NULL,NULL,650,NULL,1),(651,'20:13:54','2015-02-17',0.4602,0.600820,NULL,NULL,651,NULL,0),(652,'20:13:54','2015-02-17',0.0445,0.616723,NULL,NULL,652,NULL,1),(653,'20:14:04','2015-02-17',0.9824,0.203118,NULL,NULL,653,NULL,1),(654,'20:14:06','2015-02-17',0.6249,0.009723,NULL,NULL,654,NULL,0),(655,'20:14:07','2015-02-17',0.4947,0.360171,NULL,NULL,655,NULL,0),(656,'20:14:07','2015-02-17',0.3668,0.049996,NULL,NULL,656,NULL,0),(657,'20:14:08','2015-02-17',0.4847,0.112126,NULL,NULL,657,NULL,1),(658,'20:14:08','2015-02-17',0.0045,0.212331,NULL,NULL,658,NULL,1),(659,'20:14:09','2015-02-17',0.7256,0.126123,NULL,NULL,659,NULL,0),(660,'20:14:09','2015-02-17',0.1705,0.939192,NULL,NULL,660,NULL,1),(661,'20:14:10','2015-02-17',0.7820,0.047073,NULL,NULL,661,NULL,1);
/*!40000 ALTER TABLE `observations` ENABLE KEYS */;
UNLOCK TABLES;

--
-- Table structure for table `testresults`
--

DROP TABLE IF EXISTS `testresults`;
/*!40101 SET @saved_cs_client     = @@character_set_client */;
/*!40101 SET character_set_client = utf8 */;
CREATE TABLE `testresults` (
  `TestID` int(11) NOT NULL AUTO_INCREMENT,
  `XMLID` int(11) NOT NULL,
  `ProbCorrectID` float(6,5) DEFAULT NULL,
  `PerFalsePos` float(6,5) DEFAULT NULL,
  `PerFalseNeg` float(6,5) DEFAULT NULL,
  `PerUnknowns` float(6,5) DEFAULT NULL,
  PRIMARY KEY (`TestID`),
  KEY `XMLID` (`XMLID`),
  CONSTRAINT `testresults_ibfk_1` FOREIGN KEY (`XMLID`) REFERENCES `xmldata` (`XMLID`)
) ENGINE=InnoDB DEFAULT CHARSET=latin1;
/*!40101 SET character_set_client = @saved_cs_client */;

--
-- Dumping data for table `testresults`
--

LOCK TABLES `testresults` WRITE;
/*!40000 ALTER TABLE `testresults` DISABLE KEYS */;
/*!40000 ALTER TABLE `testresults` ENABLE KEYS */;
UNLOCK TABLES;

--
-- Table structure for table `tests`
--

DROP TABLE IF EXISTS `tests`;
/*!40101 SET @saved_cs_client     = @@character_set_client */;
/*!40101 SET character_set_client = utf8 */;
CREATE TABLE `tests` (
  `TestID` int(11) NOT NULL,
  `ImageID` int(11) NOT NULL,
  KEY `TestID` (`TestID`),
  KEY `ImageID` (`ImageID`),
  CONSTRAINT `tests_ibfk_1` FOREIGN KEY (`TestID`) REFERENCES `testresults` (`TestID`),
  CONSTRAINT `tests_ibfk_2` FOREIGN KEY (`ImageID`) REFERENCES `images` (`ImageID`)
) ENGINE=InnoDB DEFAULT CHARSET=latin1;
/*!40101 SET character_set_client = @saved_cs_client */;

--
-- Dumping data for table `tests`
--

LOCK TABLES `tests` WRITE;
/*!40000 ALTER TABLE `tests` DISABLE KEYS */;
/*!40000 ALTER TABLE `tests` ENABLE KEYS */;
UNLOCK TABLES;

--
-- Table structure for table `training`
--

DROP TABLE IF EXISTS `training`;
/*!40101 SET @saved_cs_client     = @@character_set_client */;
/*!40101 SET character_set_client = utf8 */;
CREATE TABLE `training` (
  `ObjectID` int(11) NOT NULL,
  `XMLID` int(11) NOT NULL,
  KEY `ObjectID` (`ObjectID`),
  KEY `XMLID` (`XMLID`),
  CONSTRAINT `training_ibfk_1` FOREIGN KEY (`ObjectID`) REFERENCES `detection_objects` (`ObjectID`),
  CONSTRAINT `training_ibfk_2` FOREIGN KEY (`XMLID`) REFERENCES `xmldata` (`XMLID`)
) ENGINE=InnoDB DEFAULT CHARSET=latin1;
/*!40101 SET character_set_client = @saved_cs_client */;

--
-- Dumping data for table `training`
--

LOCK TABLES `training` WRITE;
/*!40000 ALTER TABLE `training` DISABLE KEYS */;
/*!40000 ALTER TABLE `training` ENABLE KEYS */;
UNLOCK TABLES;

--
-- Table structure for table `users`
--

DROP TABLE IF EXISTS `users`;
/*!40101 SET @saved_cs_client     = @@character_set_client */;
/*!40101 SET character_set_client = utf8 */;
CREATE TABLE `users` (
  `Username` varchar(16) NOT NULL,
  `FirstName` varchar(16) DEFAULT NULL,
  `LastName` varchar(16) DEFAULT NULL,
  `Password` varchar(16) NOT NULL,
  `PublicKey` varchar(128) DEFAULT NULL,
  `Status` varchar(16) NOT NULL DEFAULT 'normal',
  `Email` varchar(64) DEFAULT NULL,
  `iNat` varchar(32) DEFAULT NULL,
  PRIMARY KEY (`Username`)
) ENGINE=InnoDB DEFAULT CHARSET=latin1;
/*!40101 SET character_set_client = @saved_cs_client */;

--
-- Dumping data for table `users`
--

LOCK TABLES `users` WRITE;
/*!40000 ALTER TABLE `users` DISABLE KEYS */;
/*!40000 ALTER TABLE `users` ENABLE KEYS */;
UNLOCK TABLES;

--
-- Table structure for table `validplants`
--

DROP TABLE IF EXISTS `validplants`;
/*!40101 SET @saved_cs_client     = @@character_set_client */;
/*!40101 SET character_set_client = utf8 */;
CREATE TABLE `validplants` (
  `ScientificName` varchar(32) NOT NULL,
  `PlantName` varchar(32) DEFAULT NULL,
  `Description` blob,
  PRIMARY KEY (`ScientificName`)
) ENGINE=InnoDB DEFAULT CHARSET=latin1;
/*!40101 SET character_set_client = @saved_cs_client */;

--
-- Dumping data for table `validplants`
--

LOCK TABLES `validplants` WRITE;
/*!40000 ALTER TABLE `validplants` DISABLE KEYS */;
/*!40000 ALTER TABLE `validplants` ENABLE KEYS */;
UNLOCK TABLES;

--
-- Table structure for table `xmldata`
--

DROP TABLE IF EXISTS `xmldata`;
/*!40101 SET @saved_cs_client     = @@character_set_client */;
/*!40101 SET character_set_client = utf8 */;
CREATE TABLE `xmldata` (
  `XMLID` int(11) NOT NULL AUTO_INCREMENT,
  `FileName` varchar(256) NOT NULL,
  `CreationDate` date DEFAULT NULL,
  `CreationTime` time DEFAULT NULL,
  `TestName` varchar(20) NOT NULL,
  `AppVersion` varchar(10) DEFAULT NULL,
  PRIMARY KEY (`XMLID`)
) ENGINE=InnoDB DEFAULT CHARSET=latin1;
/*!40101 SET character_set_client = @saved_cs_client */;

--
-- Dumping data for table `xmldata`
--

LOCK TABLES `xmldata` WRITE;
/*!40000 ALTER TABLE `xmldata` DISABLE KEYS */;
/*!40000 ALTER TABLE `xmldata` ENABLE KEYS */;
UNLOCK TABLES;
/*!40103 SET TIME_ZONE=@OLD_TIME_ZONE */;

/*!40101 SET SQL_MODE=@OLD_SQL_MODE */;
/*!40014 SET FOREIGN_KEY_CHECKS=@OLD_FOREIGN_KEY_CHECKS */;
/*!40014 SET UNIQUE_CHECKS=@OLD_UNIQUE_CHECKS */;
/*!40101 SET CHARACTER_SET_CLIENT=@OLD_CHARACTER_SET_CLIENT */;
/*!40101 SET CHARACTER_SET_RESULTS=@OLD_CHARACTER_SET_RESULTS */;
/*!40101 SET COLLATION_CONNECTION=@OLD_COLLATION_CONNECTION */;
/*!40111 SET SQL_NOTES=@OLD_SQL_NOTES */;

-- Dump completed on 2015-02-22 23:17:47
