-- MySQL dump 10.13  Distrib 5.5.41, for debian-linux-gnu (x86_64)
--
-- Host: localhost    Database: luminous_db
-- ------------------------------------------------------
-- Server version	5.5.41-0ubuntu0.14.04.1

/*!40101 SET @OLD_CHARACTER_SET_CLIENT=@@CHARACTER_SET_CLIENT */;
/*!40101 SET @OLD_CHARACTER_SET_RESULTS=@@CHARACTER_SET_RESULTS */;
/*!40101 SET @OLD_COLLATION_CONNECTION=@@COLLATION_CONNECTION */;
/*!40101 SET NAMES utf8 */;
/*!40103 SET @OLD_TIME_ZONE=@@TIME_ZONE */;
/*!40103 SET TIME_ZONE='+00:00' */;
/*!40014 SET @OLD_UNIQUE_CHECKS=@@UNIQUE_CHECKS, UNIQUE_CHECKS=0 */;
/*!40014 SET @OLD_FOREIGN_KEY_CHECKS=@@FOREIGN_KEY_CHECKS, FOREIGN_KEY_CHECKS=0 */;
/*!40101 SET @OLD_SQL_MODE=@@SQL_MODE, SQL_MODE='NO_AUTO_VALUE_ON_ZERO' */;
/*!40111 SET @OLD_SQL_NOTES=@@SQL_NOTES, SQL_NOTES=0 */;

--
-- Table structure for table `detection_objects`
--

DROP TABLE IF EXISTS `detection_objects`;
/*!40101 SET @saved_cs_client     = @@character_set_client */;
/*!40101 SET character_set_client = utf8 */;
CREATE TABLE `detection_objects` (
  `ObjectID` int(11) NOT NULL AUTO_INCREMENT,
  `ParentObsID` int(11) NOT NULL,
  `XCord` int(11) NOT NULL,
  `YCord` int(11) NOT NULL,
  `Radius` int(11) NOT NULL,
  `IsPosDetect` tinyint(1) DEFAULT NULL,
  `IsUserDetected` tinyint(1) DEFAULT NULL,
  `FileName` varchar(256) DEFAULT NULL,
  `Location` varchar(256) DEFAULT NULL,
  PRIMARY KEY (`ObjectID`),
  KEY `ParentObsID` (`ParentObsID`),
  CONSTRAINT `detection_objects_ibfk_1` FOREIGN KEY (`ParentObsID`) REFERENCES `observations` (`ObsID`)
) ENGINE=InnoDB AUTO_INCREMENT=494 DEFAULT CHARSET=latin1;
/*!40101 SET character_set_client = @saved_cs_client */;

--
-- Dumping data for table `detection_objects`
--

LOCK TABLES `detection_objects` WRITE;
/*!40000 ALTER TABLE `detection_objects` DISABLE KEYS */;
INSERT INTO `detection_objects` VALUES (1,8,262,351,35,NULL,0,NULL,NULL),(2,10,67,412,52,NULL,0,NULL,NULL),(3,10,146,562,78,NULL,0,NULL,NULL),(4,10,459,354,64,NULL,0,NULL,NULL),(5,11,477,257,59,NULL,0,NULL,NULL),(6,12,170,118,22,NULL,0,NULL,NULL),(7,12,129,161,25,NULL,0,NULL,NULL),(8,13,131,488,28,NULL,0,NULL,NULL),(9,13,90,164,29,NULL,0,NULL,NULL),(10,15,570,427,34,NULL,0,NULL,NULL),(11,15,321,456,30,NULL,0,NULL,NULL),(12,15,442,423,38,NULL,0,NULL,NULL),(13,17,193,260,14,NULL,0,NULL,NULL),(14,19,431,204,19,NULL,0,NULL,NULL),(15,19,236,317,23,NULL,0,NULL,NULL),(16,19,193,313,20,NULL,0,NULL,NULL),(17,19,321,322,21,NULL,0,NULL,NULL),(18,19,418,301,19,NULL,0,NULL,NULL),(19,19,231,256,24,NULL,0,NULL,NULL),(20,20,347,289,27,NULL,0,NULL,NULL),(21,20,232,182,21,NULL,0,NULL,NULL),(22,20,171,191,25,NULL,0,NULL,NULL),(23,20,94,155,22,NULL,0,NULL,NULL),(24,22,184,156,23,NULL,0,NULL,NULL),(25,26,943,376,268,NULL,0,NULL,NULL),(26,31,430,216,39,NULL,0,NULL,NULL),(27,44,1022,239,42,NULL,0,NULL,NULL),(28,44,1047,677,45,NULL,0,NULL,NULL),(29,44,391,859,47,NULL,0,NULL,NULL),(30,44,503,654,43,NULL,0,NULL,NULL),(31,44,156,503,39,NULL,0,NULL,NULL),(32,45,339,168,39,NULL,0,NULL,NULL),(33,45,622,83,57,NULL,0,NULL,NULL),(34,45,443,230,51,NULL,0,NULL,NULL),(35,45,621,452,57,NULL,0,NULL,NULL),(36,45,511,108,34,NULL,0,NULL,NULL),(37,45,430,388,50,NULL,0,NULL,NULL),(38,45,530,272,53,NULL,0,NULL,NULL),(39,56,357,344,33,NULL,0,NULL,NULL),(40,62,480,79,26,NULL,0,NULL,NULL),(41,68,268,168,62,NULL,0,NULL,NULL),(42,72,406,349,41,NULL,0,NULL,NULL),(43,72,269,217,56,NULL,0,NULL,NULL),(44,72,329,123,37,NULL,0,NULL,NULL),(45,74,168,219,78,NULL,0,NULL,NULL),(46,75,478,134,21,NULL,0,NULL,NULL),(47,75,432,120,21,NULL,0,NULL,NULL),(48,75,364,122,22,NULL,0,NULL,NULL),(49,75,450,284,22,NULL,0,NULL,NULL),(50,85,458,133,71,NULL,0,NULL,NULL),(51,85,174,174,78,NULL,0,NULL,NULL),(52,85,250,272,78,NULL,0,NULL,NULL),(53,86,373,451,23,NULL,0,NULL,NULL),(54,86,604,502,17,NULL,0,NULL,NULL),(55,87,1048,1071,34,NULL,0,NULL,NULL),(56,87,1636,1168,26,NULL,0,NULL,NULL),(57,87,462,1118,29,NULL,0,NULL,NULL),(58,87,565,1202,27,NULL,0,NULL,NULL),(59,89,2787,1100,22,NULL,0,NULL,NULL),(60,89,297,1128,54,NULL,0,NULL,NULL),(61,99,244,142,14,NULL,0,NULL,NULL),(62,99,484,278,13,NULL,0,NULL,NULL),(63,99,231,340,12,NULL,0,NULL,NULL),(64,101,2503,1086,99,NULL,0,NULL,NULL),(65,101,1441,93,90,NULL,0,NULL,NULL),(66,101,1010,1468,189,NULL,0,NULL,NULL),(67,102,550,571,52,NULL,0,NULL,NULL),(68,102,155,212,51,NULL,0,NULL,NULL),(69,102,208,517,54,NULL,0,NULL,NULL),(70,107,1555,365,55,NULL,0,NULL,NULL),(71,107,1501,256,45,NULL,0,NULL,NULL),(72,107,863,749,55,NULL,0,NULL,NULL),(73,110,226,323,14,NULL,0,NULL,NULL),(74,117,581,296,23,NULL,0,NULL,NULL),(75,117,763,442,23,NULL,0,NULL,NULL),(76,125,116,75,24,NULL,0,NULL,NULL),(77,131,1534,2091,134,NULL,0,NULL,NULL),(78,131,2265,661,117,NULL,0,NULL,NULL),(79,136,255,581,63,NULL,0,NULL,NULL),(80,144,606,607,50,NULL,0,NULL,NULL),(81,146,597,442,28,NULL,0,NULL,NULL),(82,146,138,370,21,NULL,0,NULL,NULL),(83,146,411,227,23,NULL,0,NULL,NULL),(84,146,239,695,23,NULL,0,NULL,NULL),(85,146,308,726,22,NULL,0,NULL,NULL),(86,146,88,486,24,NULL,0,NULL,NULL),(87,146,509,664,22,NULL,0,NULL,NULL),(88,146,141,328,22,NULL,0,NULL,NULL),(89,146,139,536,25,NULL,0,NULL,NULL),(90,146,189,469,23,NULL,0,NULL,NULL),(91,146,228,556,25,NULL,0,NULL,NULL),(92,146,355,316,27,NULL,0,NULL,NULL),(93,146,79,536,26,NULL,0,NULL,NULL),(94,148,245,569,88,NULL,0,NULL,NULL),(95,148,498,466,102,NULL,0,NULL,NULL),(96,148,669,321,76,NULL,0,NULL,NULL),(97,149,750,457,29,NULL,0,NULL,NULL),(98,149,1090,658,32,NULL,0,NULL,NULL),(99,149,1097,931,31,NULL,0,NULL,NULL),(100,149,1164,680,35,NULL,0,NULL,NULL),(101,149,868,330,30,NULL,0,NULL,NULL),(102,149,596,613,32,NULL,0,NULL,NULL),(103,149,303,451,33,NULL,0,NULL,NULL),(104,149,436,388,33,NULL,0,NULL,NULL),(105,149,1149,818,35,NULL,0,NULL,NULL),(106,149,1206,780,38,NULL,0,NULL,NULL),(107,149,744,873,41,NULL,0,NULL,NULL),(108,149,653,232,35,NULL,0,NULL,NULL),(109,149,320,852,36,NULL,0,NULL,NULL),(110,149,890,908,39,NULL,0,NULL,NULL),(111,149,322,902,37,NULL,0,NULL,NULL),(112,149,935,590,31,NULL,0,NULL,NULL),(113,149,783,939,40,NULL,0,NULL,NULL),(114,149,412,879,44,NULL,0,NULL,NULL),(115,149,1017,364,31,NULL,0,NULL,NULL),(116,149,955,692,27,NULL,0,NULL,NULL),(117,149,1156,581,31,NULL,0,NULL,NULL),(118,149,462,637,35,NULL,0,NULL,NULL),(119,149,1239,819,35,NULL,0,NULL,NULL),(120,150,321,328,11,NULL,0,NULL,NULL),(121,150,482,289,14,NULL,0,NULL,NULL),(122,152,621,320,26,NULL,0,NULL,NULL),(123,152,669,277,25,NULL,0,NULL,NULL),(124,166,272,345,11,NULL,0,NULL,NULL),(125,169,405,280,38,NULL,0,NULL,NULL),(126,170,379,81,31,NULL,0,NULL,NULL),(127,170,295,361,44,NULL,0,NULL,NULL),(128,170,484,295,39,NULL,0,NULL,NULL),(129,170,139,281,36,NULL,0,NULL,NULL),(130,170,186,338,40,NULL,0,NULL,NULL),(131,176,208,315,31,NULL,0,NULL,NULL),(132,176,192,221,35,NULL,0,NULL,NULL),(133,176,191,262,25,NULL,0,NULL,NULL),(134,176,281,350,38,NULL,0,NULL,NULL),(135,176,219,406,32,NULL,0,NULL,NULL),(136,186,229,134,11,NULL,0,NULL,NULL),(137,189,427,1729,23,NULL,0,NULL,NULL),(138,189,1520,1414,34,NULL,0,NULL,NULL),(139,189,1547,2125,58,NULL,0,NULL,NULL),(140,189,2435,1423,37,NULL,0,NULL,NULL),(141,189,1423,2231,39,NULL,0,NULL,NULL),(142,189,949,1701,37,NULL,0,NULL,NULL),(143,189,2249,1973,31,NULL,0,NULL,NULL),(144,190,96,461,19,NULL,0,NULL,NULL),(145,190,563,405,27,NULL,0,NULL,NULL),(146,190,1073,145,21,NULL,0,NULL,NULL),(147,190,1109,218,24,NULL,0,NULL,NULL),(148,190,1092,618,23,NULL,0,NULL,NULL),(149,190,495,487,29,NULL,0,NULL,NULL),(150,190,287,349,24,NULL,0,NULL,NULL),(151,190,767,1184,25,NULL,0,NULL,NULL),(152,190,184,1184,31,NULL,0,NULL,NULL),(153,190,324,479,31,NULL,0,NULL,NULL),(154,190,844,1166,27,NULL,0,NULL,NULL),(155,190,822,981,26,NULL,0,NULL,NULL),(156,190,1003,775,27,NULL,0,NULL,NULL),(157,190,971,797,21,NULL,0,NULL,NULL),(158,190,315,1020,28,NULL,0,NULL,NULL),(159,190,404,1085,36,NULL,0,NULL,NULL),(160,190,967,1182,24,NULL,0,NULL,NULL),(161,190,450,444,30,NULL,0,NULL,NULL),(162,190,950,988,33,NULL,0,NULL,NULL),(163,190,1064,96,24,NULL,0,NULL,NULL),(164,192,396,218,17,NULL,0,NULL,NULL),(165,193,953,253,28,NULL,0,NULL,NULL),(166,193,820,275,31,NULL,0,NULL,NULL),(167,194,133,286,49,NULL,0,NULL,NULL),(168,194,197,292,47,NULL,0,NULL,NULL),(169,194,261,321,46,NULL,0,NULL,NULL),(170,194,282,96,47,NULL,0,NULL,NULL),(171,203,1682,850,25,NULL,0,NULL,NULL),(172,203,1061,785,40,NULL,0,NULL,NULL),(173,203,1368,1419,39,NULL,0,NULL,NULL),(174,203,704,1241,42,NULL,0,NULL,NULL),(175,203,1437,1406,36,NULL,0,NULL,NULL),(176,203,1731,1563,40,NULL,0,NULL,NULL),(177,203,1305,1235,46,NULL,0,NULL,NULL),(178,203,826,1344,36,NULL,0,NULL,NULL),(179,203,1235,1692,34,NULL,0,NULL,NULL),(180,203,1397,947,41,NULL,0,NULL,NULL),(181,203,1533,1089,41,NULL,0,NULL,NULL),(182,203,1151,1277,37,NULL,0,NULL,NULL),(183,203,1028,1250,43,NULL,0,NULL,NULL),(184,206,760,550,32,NULL,0,NULL,NULL),(185,206,527,385,39,NULL,0,NULL,NULL),(186,206,791,727,41,NULL,0,NULL,NULL),(187,209,301,239,62,NULL,0,NULL,NULL),(188,209,381,573,52,NULL,0,NULL,NULL),(189,209,179,221,53,NULL,0,NULL,NULL),(190,211,310,329,22,NULL,0,NULL,NULL),(191,211,266,345,22,NULL,0,NULL,NULL),(192,221,316,319,73,NULL,0,NULL,NULL),(193,221,478,285,71,NULL,0,NULL,NULL),(194,221,665,333,78,NULL,0,NULL,NULL),(195,221,1309,992,86,NULL,0,NULL,NULL),(196,221,466,481,69,NULL,0,NULL,NULL),(197,221,434,1143,90,NULL,0,NULL,NULL),(198,221,846,591,83,NULL,0,NULL,NULL),(199,224,1134,679,64,NULL,0,NULL,NULL),(200,225,354,178,17,NULL,0,NULL,NULL),(201,225,254,135,23,NULL,0,NULL,NULL),(202,230,38,105,36,NULL,0,NULL,NULL),(203,230,975,127,35,NULL,0,NULL,NULL),(204,230,383,354,58,NULL,0,NULL,NULL),(205,230,170,381,58,NULL,0,NULL,NULL),(206,232,504,309,50,NULL,0,NULL,NULL),(207,235,272,516,17,NULL,0,NULL,NULL),(208,237,345,391,34,NULL,0,NULL,NULL),(209,237,274,943,61,NULL,0,NULL,NULL),(210,237,405,705,49,NULL,0,NULL,NULL),(211,264,431,155,71,NULL,0,NULL,NULL),(212,271,272,912,28,NULL,0,NULL,NULL),(213,271,677,679,33,NULL,0,NULL,NULL),(214,271,348,882,26,NULL,0,NULL,NULL),(215,271,256,860,24,NULL,0,NULL,NULL),(216,271,604,559,25,NULL,0,NULL,NULL),(217,271,466,320,25,NULL,0,NULL,NULL),(218,271,645,527,25,NULL,0,NULL,NULL),(219,271,140,629,28,NULL,0,NULL,NULL),(220,271,514,385,29,NULL,0,NULL,NULL),(221,271,759,623,36,NULL,0,NULL,NULL),(222,271,563,702,28,NULL,0,NULL,NULL),(223,273,372,192,44,NULL,0,NULL,NULL),(224,277,380,445,21,NULL,0,NULL,NULL),(225,277,151,107,20,NULL,0,NULL,NULL),(226,279,249,187,33,NULL,0,NULL,NULL),(227,279,429,254,36,NULL,0,NULL,NULL),(228,279,310,180,39,NULL,0,NULL,NULL),(229,279,305,13,23,NULL,0,NULL,NULL),(230,279,495,253,31,NULL,0,NULL,NULL),(231,279,92,160,36,NULL,0,NULL,NULL),(232,279,280,122,31,NULL,0,NULL,NULL),(233,279,50,312,34,NULL,0,NULL,NULL),(234,279,519,186,43,NULL,0,NULL,NULL),(235,279,334,112,29,NULL,0,NULL,NULL),(236,279,143,322,36,NULL,0,NULL,NULL),(237,279,496,157,45,NULL,0,NULL,NULL),(238,393,391,420,21,NULL,0,NULL,NULL),(239,393,609,268,20,NULL,0,NULL,NULL),(240,394,494,122,30,NULL,0,NULL,NULL),(241,396,1469,139,39,NULL,0,NULL,NULL),(242,397,193,196,18,NULL,0,NULL,NULL),(243,397,342,178,20,NULL,0,NULL,NULL),(244,397,146,83,24,NULL,0,NULL,NULL),(245,397,230,258,21,NULL,0,NULL,NULL),(246,398,567,270,13,NULL,0,NULL,NULL),(247,399,520,436,22,NULL,0,NULL,NULL),(248,399,124,354,25,NULL,0,NULL,NULL),(249,399,196,552,23,NULL,0,NULL,NULL),(250,400,567,270,13,NULL,0,NULL,NULL),(251,402,567,270,13,NULL,0,NULL,NULL),(252,404,819,226,37,NULL,0,NULL,NULL),(253,404,574,591,41,NULL,0,NULL,NULL),(254,404,494,433,23,NULL,0,NULL,NULL),(255,407,207,44,25,NULL,0,NULL,NULL),(256,407,217,207,23,NULL,0,NULL,NULL),(257,407,573,121,21,NULL,0,NULL,NULL),(258,407,649,108,22,NULL,0,NULL,NULL),(259,407,112,231,22,NULL,0,NULL,NULL),(260,407,647,452,15,NULL,0,NULL,NULL),(261,407,394,436,21,NULL,0,NULL,NULL),(262,408,157,131,58,NULL,0,NULL,NULL),(263,411,383,290,21,NULL,0,NULL,NULL),(264,412,26,177,25,NULL,0,NULL,NULL),(265,412,77,145,30,NULL,0,NULL,NULL),(266,412,199,100,34,NULL,0,NULL,NULL),(267,412,329,179,35,NULL,0,NULL,NULL),(268,412,237,333,29,NULL,0,NULL,NULL),(269,412,324,34,29,NULL,0,NULL,NULL),(270,412,243,178,34,NULL,0,NULL,NULL),(271,412,185,273,31,NULL,0,NULL,NULL),(272,412,126,176,29,NULL,0,NULL,NULL),(273,412,148,71,32,NULL,0,NULL,NULL),(274,413,202,308,20,NULL,0,NULL,NULL),(275,414,2597,1014,175,NULL,0,NULL,NULL),(276,414,3400,326,192,NULL,0,NULL,NULL),(277,416,1323,344,58,NULL,0,NULL,NULL),(278,416,1180,300,51,NULL,0,NULL,NULL),(279,416,409,1831,72,NULL,0,NULL,NULL),(280,416,658,1560,40,NULL,0,NULL,NULL),(281,416,374,1269,53,NULL,0,NULL,NULL),(282,416,1512,1285,69,NULL,0,NULL,NULL),(283,416,1946,28,60,NULL,0,NULL,NULL),(284,416,1781,1120,82,NULL,0,NULL,NULL),(285,420,666,513,61,NULL,0,NULL,NULL),(286,420,927,439,21,NULL,0,NULL,NULL),(287,423,255,324,41,NULL,0,NULL,NULL),(288,424,1790,332,24,NULL,0,NULL,NULL),(289,424,2962,1919,303,NULL,0,NULL,NULL),(290,425,333,589,57,NULL,0,NULL,NULL),(291,430,352,260,84,NULL,0,NULL,NULL),(292,440,518,572,238,NULL,0,NULL,NULL),(293,442,248,397,11,NULL,0,NULL,NULL),(294,449,234,290,90,NULL,0,NULL,NULL),(295,453,1350,883,312,NULL,0,NULL,NULL),(296,465,135,254,49,NULL,0,NULL,NULL),(297,465,92,144,64,NULL,0,NULL,NULL),(298,474,222,412,72,NULL,0,NULL,NULL),(299,478,483,500,87,NULL,0,NULL,NULL),(300,478,849,407,126,NULL,0,NULL,NULL),(301,483,712,340,66,NULL,0,NULL,NULL),(302,483,256,332,80,NULL,0,NULL,NULL),(303,483,405,316,86,NULL,0,NULL,NULL),(304,483,523,177,87,NULL,0,NULL,NULL),(305,486,445,353,155,NULL,0,NULL,NULL),(306,487,352,70,36,NULL,0,NULL,NULL),(307,487,135,166,35,NULL,0,NULL,NULL),(308,487,67,237,34,NULL,0,NULL,NULL),(309,487,204,172,40,NULL,0,NULL,NULL),(310,488,57,187,38,NULL,0,NULL,NULL),(311,490,265,204,45,NULL,0,NULL,NULL),(312,500,644,322,68,NULL,0,NULL,NULL),(313,501,911,552,44,NULL,0,NULL,NULL),(314,510,403,293,21,NULL,0,NULL,NULL),(315,512,410,138,26,NULL,0,NULL,NULL),(316,534,1065,853,131,NULL,0,NULL,NULL),(317,535,618,623,189,NULL,0,NULL,NULL),(318,540,159,239,16,NULL,0,NULL,NULL),(319,546,318,606,131,NULL,0,NULL,NULL),(320,551,304,60,41,NULL,0,NULL,NULL),(321,554,633,855,19,NULL,0,NULL,NULL),(322,554,638,957,21,NULL,0,NULL,NULL),(323,554,821,977,21,NULL,0,NULL,NULL),(324,555,1033,983,42,NULL,0,NULL,NULL),(325,555,987,659,57,NULL,0,NULL,NULL),(326,555,523,309,49,NULL,0,NULL,NULL),(327,556,1028,249,256,NULL,0,NULL,NULL),(328,557,231,308,21,NULL,0,NULL,NULL),(329,559,309,284,20,NULL,0,NULL,NULL),(330,559,230,233,17,NULL,0,NULL,NULL),(331,563,244,87,20,NULL,0,NULL,NULL),(332,563,139,151,24,NULL,0,NULL,NULL),(333,566,944,237,50,NULL,0,NULL,NULL),(334,566,671,168,49,NULL,0,NULL,NULL),(335,567,1033,692,18,NULL,0,NULL,NULL),(336,567,1427,880,19,NULL,0,NULL,NULL),(337,567,1196,156,20,NULL,0,NULL,NULL),(338,567,767,418,23,NULL,0,NULL,NULL),(339,567,545,885,23,NULL,0,NULL,NULL),(340,567,922,794,26,NULL,0,NULL,NULL),(341,567,1127,223,20,NULL,0,NULL,NULL),(342,567,1443,544,18,NULL,0,NULL,NULL),(343,567,1051,372,21,NULL,0,NULL,NULL),(344,567,1446,630,21,NULL,0,NULL,NULL),(345,567,871,46,22,NULL,0,NULL,NULL),(346,567,1049,816,21,NULL,0,NULL,NULL),(347,567,919,318,24,NULL,0,NULL,NULL),(348,567,1146,701,25,NULL,0,NULL,NULL),(349,567,1130,784,25,NULL,0,NULL,NULL),(350,567,1392,590,23,NULL,0,NULL,NULL),(351,567,1209,807,24,NULL,0,NULL,NULL),(352,567,1247,684,20,NULL,0,NULL,NULL),(353,567,889,1040,23,NULL,0,NULL,NULL),(354,567,605,859,24,NULL,0,NULL,NULL),(355,567,693,1037,23,NULL,0,NULL,NULL),(356,567,1100,1013,22,NULL,0,NULL,NULL),(357,567,538,130,27,NULL,0,NULL,NULL),(358,567,1287,1019,19,NULL,0,NULL,NULL),(359,567,659,911,23,NULL,0,NULL,NULL),(360,567,1018,1016,26,NULL,0,NULL,NULL),(361,567,692,904,21,NULL,0,NULL,NULL),(362,567,1319,975,25,NULL,0,NULL,NULL),(363,567,1226,688,21,NULL,0,NULL,NULL),(364,567,1084,952,22,NULL,0,NULL,NULL),(365,567,1235,776,24,NULL,0,NULL,NULL),(366,567,986,371,23,NULL,0,NULL,NULL),(367,567,367,669,26,NULL,0,NULL,NULL),(368,567,946,602,26,NULL,0,NULL,NULL),(369,567,1307,262,25,NULL,0,NULL,NULL),(370,567,1564,690,22,NULL,0,NULL,NULL),(371,567,1181,848,23,NULL,0,NULL,NULL),(372,567,1428,594,22,NULL,0,NULL,NULL),(373,567,366,233,23,NULL,0,NULL,NULL),(374,567,1018,931,25,NULL,0,NULL,NULL),(375,567,1007,1047,21,NULL,0,NULL,NULL),(376,567,841,658,24,NULL,0,NULL,NULL),(377,567,538,920,26,NULL,0,NULL,NULL),(378,567,389,563,23,NULL,0,NULL,NULL),(379,567,901,743,24,NULL,0,NULL,NULL),(380,567,724,11,20,NULL,0,NULL,NULL),(381,567,667,618,20,NULL,0,NULL,NULL),(382,567,1169,1036,25,NULL,0,NULL,NULL),(383,567,400,122,21,NULL,0,NULL,NULL),(384,567,1190,679,25,NULL,0,NULL,NULL),(385,569,81,280,29,NULL,0,NULL,NULL),(386,571,267,547,45,NULL,0,NULL,NULL),(387,571,185,545,43,NULL,0,NULL,NULL),(388,571,196,467,42,NULL,0,NULL,NULL),(389,571,447,27,38,NULL,0,NULL,NULL),(390,571,769,301,64,NULL,0,NULL,NULL),(391,571,142,209,36,NULL,0,NULL,NULL),(392,571,363,334,46,NULL,0,NULL,NULL),(393,575,384,240,11,NULL,0,NULL,NULL),(394,575,439,187,13,NULL,0,NULL,NULL),(395,575,314,334,13,NULL,0,NULL,NULL),(396,576,381,76,11,NULL,0,NULL,NULL),(397,577,138,210,39,NULL,0,NULL,NULL),(398,579,1025,503,27,NULL,0,NULL,NULL),(399,579,1206,731,39,NULL,0,NULL,NULL),(400,579,564,288,32,NULL,0,NULL,NULL),(401,582,255,260,33,NULL,0,NULL,NULL),(402,582,512,19,37,NULL,0,NULL,NULL),(403,590,141,59,55,NULL,0,NULL,NULL),(404,590,184,210,35,NULL,0,NULL,NULL),(405,590,105,136,40,NULL,0,NULL,NULL),(406,593,339,69,83,NULL,0,NULL,NULL),(407,595,595,412,16,NULL,0,NULL,NULL),(408,595,706,383,14,NULL,0,NULL,NULL),(409,595,647,337,14,NULL,0,NULL,NULL),(410,595,431,448,17,NULL,0,NULL,NULL),(411,595,631,408,15,NULL,0,NULL,NULL),(412,595,624,384,18,NULL,0,NULL,NULL),(413,595,533,431,17,NULL,0,NULL,NULL),(414,599,589,335,21,NULL,0,NULL,NULL),(415,600,1268,849,41,NULL,0,NULL,NULL),(416,601,345,391,34,NULL,0,NULL,NULL),(417,601,274,943,61,NULL,0,NULL,NULL),(418,601,405,705,49,NULL,0,NULL,NULL),(419,602,3058,2447,286,NULL,0,NULL,NULL),(420,607,525,356,23,NULL,0,NULL,NULL),(421,609,261,152,22,NULL,0,NULL,NULL),(422,609,162,184,21,NULL,0,NULL,NULL),(423,609,128,212,25,NULL,0,NULL,NULL),(424,609,159,117,23,NULL,0,NULL,NULL),(425,610,436,324,121,NULL,0,NULL,NULL),(426,610,200,355,119,NULL,0,NULL,NULL),(427,611,589,335,21,NULL,0,NULL,NULL),(428,612,157,463,33,NULL,0,NULL,NULL),(429,612,283,247,39,NULL,0,NULL,NULL),(430,612,288,153,45,NULL,0,NULL,NULL),(431,615,571,659,23,NULL,0,NULL,NULL),(432,615,861,214,29,NULL,0,NULL,NULL),(433,615,1019,583,26,NULL,0,NULL,NULL),(434,615,490,567,30,NULL,0,NULL,NULL),(435,615,840,512,34,NULL,0,NULL,NULL),(436,615,917,432,27,NULL,0,NULL,NULL),(437,615,653,434,31,NULL,0,NULL,NULL),(438,615,878,276,27,NULL,0,NULL,NULL),(439,615,488,366,29,NULL,0,NULL,NULL),(440,615,784,451,32,NULL,0,NULL,NULL),(441,615,435,344,25,NULL,0,NULL,NULL),(442,616,181,356,30,NULL,0,NULL,NULL),(443,616,38,224,33,NULL,0,NULL,NULL),(444,616,201,414,26,NULL,0,NULL,NULL),(445,616,146,190,29,NULL,0,NULL,NULL),(446,616,270,366,30,NULL,0,NULL,NULL),(447,616,272,97,24,NULL,0,NULL,NULL),(448,617,606,400,37,NULL,0,NULL,NULL),(449,617,998,468,34,NULL,0,NULL,NULL),(450,617,409,171,31,NULL,0,NULL,NULL),(451,617,462,236,33,NULL,0,NULL,NULL),(452,617,988,51,26,NULL,0,NULL,NULL),(453,617,743,798,34,NULL,0,NULL,NULL),(454,617,1051,567,26,NULL,0,NULL,NULL),(455,617,826,253,35,NULL,0,NULL,NULL),(456,617,872,535,42,NULL,0,NULL,NULL),(457,617,1029,213,29,NULL,0,NULL,NULL),(458,619,1107,575,28,NULL,0,NULL,NULL),(459,620,716,195,78,NULL,0,NULL,NULL),(460,621,2305,1453,73,NULL,0,NULL,NULL),(461,621,708,1921,66,NULL,0,NULL,NULL),(462,621,1743,1236,80,NULL,0,NULL,NULL),(463,621,2607,1582,83,NULL,0,NULL,NULL),(464,621,1087,1550,65,NULL,0,NULL,NULL),(465,621,1888,1067,77,NULL,0,NULL,NULL),(466,621,1688,1405,77,NULL,0,NULL,NULL),(467,621,1611,985,72,NULL,0,NULL,NULL),(468,621,2861,1377,83,NULL,0,NULL,NULL),(469,621,2485,743,67,NULL,0,NULL,NULL),(470,621,2630,811,66,NULL,0,NULL,NULL),(471,621,2250,1030,76,NULL,0,NULL,NULL),(472,621,1369,1610,63,NULL,0,NULL,NULL),(473,621,1361,1343,65,NULL,0,NULL,NULL),(474,621,2184,1243,76,NULL,0,NULL,NULL),(475,621,813,2033,80,NULL,0,NULL,NULL),(476,621,2005,499,52,NULL,0,NULL,NULL),(477,621,1733,514,55,NULL,0,NULL,NULL),(478,621,2718,1141,74,NULL,0,NULL,NULL),(479,621,1350,1219,59,NULL,0,NULL,NULL),(480,621,1621,530,59,NULL,0,NULL,NULL),(481,621,1897,940,83,NULL,0,NULL,NULL),(482,621,1486,1351,72,NULL,0,NULL,NULL),(483,622,431,219,132,NULL,0,NULL,NULL),(484,622,291,270,138,NULL,0,NULL,NULL),(485,627,299,229,19,NULL,0,NULL,NULL),(486,627,260,405,20,NULL,0,NULL,NULL),(487,627,158,279,19,NULL,0,NULL,NULL),(488,627,258,238,18,NULL,0,NULL,NULL),(489,648,2726,1060,114,NULL,0,NULL,NULL),(490,657,447,339,31,NULL,0,NULL,NULL),(491,657,342,348,23,NULL,0,NULL,NULL),(492,657,347,148,28,NULL,0,NULL,NULL),(493,659,256,290,54,NULL,0,NULL,NULL);
/*!40000 ALTER TABLE `detection_objects` ENABLE KEYS */;
UNLOCK TABLES;

--
-- Table structure for table `devices`
--

DROP TABLE IF EXISTS `devices`;
/*!40101 SET @saved_cs_client     = @@character_set_client */;
/*!40101 SET character_set_client = utf8 */;
CREATE TABLE `devices` (
  `id` int(11) NOT NULL AUTO_INCREMENT,
  `DeviceId` varchar(128) DEFAULT NULL,
  `DeviceType` varchar(32) DEFAULT NULL,
  `UserId` int(11) DEFAULT NULL,
  `IsBlacklisted` tinyint(1) DEFAULT NULL,
  PRIMARY KEY (`id`),
  KEY `UserId` (`UserId`),
  CONSTRAINT `devices_ibfk_1` FOREIGN KEY (`UserId`) REFERENCES `users` (`UserId`)
) ENGINE=InnoDB AUTO_INCREMENT=14 DEFAULT CHARSET=latin1;
/*!40101 SET character_set_client = @saved_cs_client */;

--
-- Dumping data for table `devices`
--

LOCK TABLES `devices` WRITE;
/*!40000 ALTER TABLE `devices` DISABLE KEYS */;
INSERT INTO `devices` VALUES (5,'39235','AndroidDevice',NULL,1),(6,'0','server',NULL,0),(7,'9be5a3d27923c8c1','AndroidPhone',NULL,0),(8,'42','AndroidDevice',NULL,1),(9,'42','iOS',NULL,1),(10,'0B577D03-A53D-4B1B-9A5B-B1065299F245','iOS',NULL,0),(11,'492b80294639ac7d','AndroidPhone',NULL,0),(12,'a148d2c3984c62db','AndroidPhone',NULL,0),(13,'e57e30eb7fd094e0','AndroidPhone',NULL,0);
/*!40000 ALTER TABLE `devices` ENABLE KEYS */;
UNLOCK TABLES;

--
-- Table structure for table `observations`
--

DROP TABLE IF EXISTS `observations`;
/*!40101 SET @saved_cs_client     = @@character_set_client */;
/*!40101 SET character_set_client = utf8 */;
CREATE TABLE `observations` (
  `ObsID` int(11) NOT NULL AUTO_INCREMENT,
  `Time` time DEFAULT NULL,
  `Date` date DEFAULT NULL,
  `Latitude` float(9,4) DEFAULT NULL,
  `Longitude` float(9,6) DEFAULT NULL,
  `IsSilene` tinyint(1) DEFAULT NULL,
  `UseForTraining` tinyint(1) DEFAULT NULL,
  `Location` varchar(256) DEFAULT NULL,
  `FileName` varchar(256) DEFAULT NULL,
  `Device_id` int(11) DEFAULT NULL,
  PRIMARY KEY (`ObsID`),
  KEY `Device_id` (`Device_id`),
  CONSTRAINT `observations_ibfk_1` FOREIGN KEY (`Device_id`) REFERENCES `devices` (`id`)
) ENGINE=InnoDB AUTO_INCREMENT=694 DEFAULT CHARSET=latin1;
/*!40101 SET character_set_client = @saved_cs_client */;

--
-- Dumping data for table `observations`
--

LOCK TABLES `observations` WRITE;
/*!40000 ALTER TABLE `observations` DISABLE KEYS */;
INSERT INTO `observations` VALUES (1,'19:58:48','2015-02-17',0.0599,0.458901,0,0,'/work/pics/pending/all','0005587_primula-beesiana.jpeg',6),(2,'19:58:49','2015-02-17',0.1175,0.566783,0,1,'/work/pics/pending/all','0005964_primula-peter-klein_300.jpeg',6),(3,'19:58:49','2015-02-17',0.8895,0.428364,0,1,'/work/pics/pending/all','001-minuartia-graminifolia.jpg',6),(4,'19:58:49','2015-02-17',0.7606,0.517790,1,0,'/work/pics/pending/all','001-silene-acaulisj.jpg',6),(5,'19:58:50','2015-02-17',0.5522,0.168216,1,1,'/work/pics/pending/all','001-silene-acaulis.jpg',6),(6,'19:58:50','2015-02-17',0.4309,0.803677,0,1,'/work/pics/pending/all','002447-1.jpg',6),(7,'19:58:51','2015-02-17',0.1919,0.722411,1,1,'/work/pics/pending/all','002-silene-acaulis.jpg',6),(8,'19:58:51','2015-02-17',0.0728,0.225131,1,0,'/work/pics/pending/all','002-silene-acaulist.jpg',6),(9,'19:58:52','2015-02-17',0.5996,0.204200,0,0,'/work/pics/pending/all','003-minuartia-laricifolia.jpg',6),(10,'19:58:52','2015-02-17',0.1123,0.238259,1,0,'/work/pics/pending/all','003-silene-acaulis.jpg',6),(11,'19:58:53','2015-02-17',0.2055,0.112803,0,0,'/work/pics/pending/all','0085.jpeg',6),(12,'19:58:53','2015-02-17',0.6376,0.872045,1,0,'/work/pics/pending/all','016_065.JPG',6),(13,'19:58:53','2015-02-17',0.8698,0.491265,0,1,'/work/pics/pending/all','0307162.jpg',6),(14,'19:58:54','2015-02-17',0.6929,0.116350,0,1,'/work/pics/pending/all','0313137.jpg',6),(15,'19:58:54','2015-02-17',0.8014,0.930848,1,1,'/work/pics/pending/all','0425SileneacaulisKalk-Polsternelke2.jpg',6),(16,'19:58:55','2015-02-17',0.8616,0.544365,0,1,'/work/pics/pending/all','0461.jpeg',6),(17,'19:58:55','2015-02-17',0.8707,0.906328,1,0,'/work/pics/pending/all','06_34.jpg',6),(18,'19:58:55','2015-02-17',0.2821,0.307215,1,1,'/work/pics/pending/all','07_Stengelloses-Leimkraut.jpg',6),(19,'19:58:55','2015-02-17',0.0526,0.448562,1,0,'/work/pics/pending/all','08_39.jpg',6),(20,'19:58:56','2015-02-17',0.3529,0.817161,0,1,'/work/pics/pending/all','0941.jpeg',6),(21,'19:58:56','2015-02-17',0.4604,0.917018,1,0,'/work/pics/pending/all','10736716594_28ddde47c3.jpg',6),(22,'19:58:57','2015-02-17',0.1888,0.874023,0,0,'/work/pics/pending/all','10_edb16c701d3c0766ee0614e092b6b969.jpg',6),(23,'19:58:57','2015-02-17',0.3710,0.794356,0,1,'/work/pics/pending/all','111142567.jpg',6),(24,'19:58:57','2015-02-17',0.3354,0.993455,0,1,'/work/pics/pending/all','11142257_f520.jpg',6),(25,'19:58:57','2015-02-17',0.9101,0.880381,1,0,'/work/pics/pending/all','1_14.jpg',6),(26,'19:58:58','2015-02-17',0.2534,0.908643,0,0,'/work/pics/pending/all','116PARRYSPRIMEROSEPrimulaparryi.JPG',6),(27,'19:59:00','2015-02-17',0.1896,0.508771,0,1,'/work/pics/pending/all','117603_2ef028ea.jpg',6),(28,'19:59:01','2015-02-17',0.1214,0.892336,0,0,'/work/pics/pending/all','1207634767_f93fb18446_z.jpg',6),(29,'19:59:01','2015-02-17',0.5956,0.188983,1,0,'/work/pics/pending/all','12368_141_PNSTE.jpeg',6),(30,'19:59:02','2015-02-17',0.8536,0.475031,1,1,'/work/pics/pending/all','1280px-Silene_acaulis_upernavik_2007-07-04_1.jpg',6),(31,'19:59:04','2015-02-17',0.1534,0.491104,1,0,'/work/pics/pending/all','132008Jun23MossCampion_1024.jpg',6),(32,'19:59:04','2015-02-17',0.8077,0.969760,0,1,'/work/pics/pending/all','1358504401_17e1a65182.jpg',6),(33,'19:59:05','2015-02-17',0.2263,0.204183,1,0,'/work/pics/pending/all','1359399969_b0dc350ea8.jpg',6),(34,'19:59:05','2015-02-17',0.9929,0.344981,0,1,'/work/pics/pending/all','13-fairy-primrose.jpg',6),(35,'19:59:11','2015-02-17',0.4483,0.989308,0,0,'/work/pics/pending/all','144527_ba6ad9f0.jpg',6),(36,'19:59:12','2015-02-17',0.3885,0.728835,0,1,'/work/pics/pending/all','146325_579eb8a2.jpg',6),(37,'19:59:13','2015-02-17',0.2509,0.947593,1,1,'/work/pics/pending/all','148573156.jpg',6),(38,'19:59:13','2015-02-17',0.6504,0.519239,0,1,'/work/pics/pending/all','14.jpg',6),(39,'19:59:15','2015-02-17',0.0359,0.365679,0,0,'/work/pics/pending/all','151894167d6RLAZsS.jpg',6),(40,'19:59:16','2015-02-17',0.6753,0.305083,1,1,'/work/pics/pending/all','166-02-0.jpg',6),(41,'19:59:16','2015-02-17',0.4177,0.408090,0,0,'/work/pics/pending/all','172961.jpg',6),(42,'19:59:17','2015-02-17',0.1313,0.683450,1,1,'/work/pics/pending/all','174698147_34f4b4c79c_m.jpg',6),(43,'19:59:17','2015-02-17',0.6550,0.083911,0,1,'/work/pics/pending/all','1774CortusaMatthioli.jpg',6),(44,'19:59:18','2015-02-17',0.9830,0.680997,1,0,'/work/pics/pending/all','1-IMGP6732.jpg',6),(45,'19:59:20','2015-02-17',0.5611,0.804146,1,1,'/work/pics/pending/all','20080625-silene_acaulis.jpg',6),(46,'19:59:21','2015-02-17',0.1719,0.548864,1,0,'/work/pics/pending/all','2012.06.29-Silene-acaulis-on-alpine-tundra-St.-Anthony-resized-edited-IMG_4115-1024x768.jpg',6),(47,'19:59:22','2015-02-17',0.9545,0.283114,0,1,'/work/pics/pending/all','21125181-pink-flowers.jpg',6),(48,'19:59:22','2015-02-17',0.8855,0.389328,0,1,'/work/pics/pending/all','215721.jpg',6),(49,'19:59:23','2015-02-17',0.0825,0.767788,0,1,'/work/pics/pending/all','216059.jpg',6),(50,'19:59:25','2015-02-17',0.6900,0.664419,0,0,'/work/pics/pending/all','217186_65e5ed3d.jpg',6),(51,'19:59:26','2015-02-17',0.2495,0.113617,0,0,'/work/pics/pending/all','220px-Primula_farinosa_flowers_100704.jpg',6),(52,'19:59:26','2015-02-17',0.2923,0.743330,0,1,'/work/pics/pending/all','221103_Minuartia_recurva_4.jpg',6),(53,'19:59:30','2015-02-17',0.6905,0.247212,0,0,'/work/pics/pending/all','224811.jpg',6),(54,'19:59:30','2015-02-17',0.3742,0.509911,1,0,'/work/pics/pending/all','2264839290_38e2cae5f7.jpg',6),(55,'19:59:31','2015-02-17',0.4684,0.445033,1,0,'/work/pics/pending/all','23234045.jpg',6),(56,'19:59:32','2015-02-17',0.5865,0.798744,1,1,'/work/pics/pending/all','2380195883_c335c9d724.jpg',6),(57,'19:59:32','2015-02-17',0.8868,0.258870,0,0,'/work/pics/pending/all','23.jpg',6),(58,'19:59:33','2015-02-17',0.0529,0.259510,0,0,'/work/pics/pending/all','23jun2012_3__dsc4383.jpg',6),(59,'19:59:34','2015-02-17',0.9373,0.801802,0,1,'/work/pics/pending/all','23x.jpg',6),(60,'19:59:34','2015-02-17',0.7274,0.528748,0,0,'/work/pics/pending/all','250px-Primula_cusickiana_cusickiana.jpg',6),(61,'19:59:34','2015-02-17',0.9763,0.282865,0,1,'/work/pics/pending/all','270433_Minuartia_recurva_6.jpg',6),(62,'19:59:39','2015-02-17',0.6942,0.221813,1,0,'/work/pics/pending/all','2926000_web.jpg',6),(63,'19:59:39','2015-02-17',0.7677,0.104250,0,0,'/work/pics/pending/all','2alma14.jpg',6),(64,'19:59:39','2015-02-17',0.2596,0.982717,0,0,'/work/pics/pending/all','2prpa.jpg',6),(65,'19:59:40','2015-02-17',0.5890,0.711504,0,1,'/work/pics/pending/all','2prsp2.jpg',6),(66,'19:59:40','2015-02-17',0.0341,0.017272,0,0,'/work/pics/pending/all','30129718.jpg',6),(67,'19:59:41','2015-02-17',0.2900,0.399918,1,1,'/work/pics/pending/all','3033039692_92f247d66d_n.jpg',6),(68,'19:59:41','2015-02-17',0.2764,0.518081,0,0,'/work/pics/pending/all','3221_56762ac1.jpg',6),(69,'19:59:41','2015-02-17',0.0956,0.661131,0,1,'/work/pics/pending/all','3293_md.jpg',6),(70,'19:59:41','2015-02-17',0.9110,0.369946,0,0,'/work/pics/pending/all','3302_md.jpg',6),(71,'19:59:42','2015-02-17',0.4090,0.865847,0,0,'/work/pics/pending/all','34gnma2.JPG',6),(72,'19:59:42','2015-02-17',0.7514,0.418940,0,0,'/work/pics/pending/all','35sileneacaulis.jpg',6),(73,'19:59:42','2015-02-17',0.5487,0.996536,1,1,'/work/pics/pending/all','3644103344_3faf107ccf.jpg',6),(74,'19:59:43','2015-02-17',0.1404,0.942562,0,0,'/work/pics/pending/all','3727581446_979f480295.jpg',6),(75,'19:59:43','2015-02-17',0.9121,0.996972,1,0,'/work/pics/pending/all','3762219046_9ba4bb9fbd.jpg',6),(76,'19:59:43','2015-02-17',0.3944,0.897189,1,1,'/work/pics/pending/all','3877_-_Gornergrat_-_Silene_acaulis.JPG',6),(77,'19:59:58','2015-02-17',0.4385,0.175626,0,0,'/work/pics/pending/all','39376433.jpg',6),(78,'19:59:59','2015-02-17',0.6368,0.418564,0,0,'/work/pics/pending/all','39461_21ff1138.jpg',6),(79,'19:59:59','2015-02-17',0.8039,0.547650,0,1,'/work/pics/pending/all','3alge.jpg',6),(80,'19:59:59','2015-02-17',0.7222,0.295003,1,0,'/work/pics/pending/all','4013847987_ff5e59319c.jpg',6),(81,'20:00:00','2015-02-17',0.6354,0.843154,0,1,'/work/pics/pending/all','4016774032_c73c385b4d.jpg',6),(82,'20:00:00','2015-02-17',0.1322,0.773318,0,0,'/work/pics/pending/all','412165.JPG',6),(83,'20:00:00','2015-02-17',0.5906,0.197350,0,0,'/work/pics/pending/all','422891.JPG',6),(84,'20:00:01','2015-02-17',0.3056,0.960669,1,1,'/work/pics/pending/all','427796.JPG',6),(85,'20:00:04','2015-02-17',0.3394,0.530269,1,0,'/work/pics/pending/all','4288757910_92357d5c1a_z.jpg',6),(86,'20:00:04','2015-02-17',0.8880,0.036332,1,1,'/work/pics/pending/all','43311962.jpg',6),(87,'20:00:05','2015-02-17',0.2868,0.229269,1,1,'/work/pics/pending/all','433151.jpg',6),(88,'20:00:10','2015-02-17',0.6739,0.410085,0,0,'/work/pics/pending/all','43e5eb89497e375575f2343dd1ff3c74.jpg',6),(89,'20:00:10','2015-02-17',0.9292,0.273732,1,1,'/work/pics/pending/all','4532442905.jpg',6),(90,'20:00:20','2015-02-17',0.2275,0.810116,1,0,'/work/pics/pending/all','4704270852_15f36b93bf_b.jpg',6),(91,'20:00:21','2015-02-17',0.3140,0.506033,0,0,'/work/pics/pending/all','4730890717_eeb3bfb592_z.jpg',6),(92,'20:00:22','2015-02-17',0.9729,0.462641,0,1,'/work/pics/pending/all','4758a.jpg',6),(93,'20:00:22','2015-02-17',0.4493,0.883873,0,1,'/work/pics/pending/all','4771659050_7c95d4da29_b.jpg',6),(94,'20:00:23','2015-02-17',0.2323,0.861567,1,1,'/work/pics/pending/all','4801384486_a5dae6f386_z.jpg',6),(95,'20:00:23','2015-02-17',0.5471,0.580447,1,0,'/work/pics/pending/all','4868492725_ba3d912f38_z.jpg',6),(96,'20:00:24','2015-02-17',0.6040,0.585725,0,0,'/work/pics/pending/all','4872597918_f7e6bf05be_b.jpg',6),(97,'20:00:25','2015-02-17',0.3352,0.330973,0,0,'/work/pics/pending/all','4liob4.jpg',6),(98,'20:00:25','2015-02-17',0.7594,0.719993,0,1,'/work/pics/pending/all','4trru3.jpg',6),(99,'20:00:25','2015-02-17',0.3171,0.077126,0,1,'/work/pics/pending/all','5035359535_746355d78b_z.jpg',6),(100,'20:00:25','2015-02-17',0.9277,0.712477,1,1,'/work/pics/pending/all','5105.jpg',6),(101,'20:00:26','2015-02-17',0.2790,0.233488,0,1,'/work/pics/pending/all','527710.jpg',6),(102,'20:00:34','2015-02-17',0.1307,0.162951,1,0,'/work/pics/pending/all','54230323.jpg',6),(103,'20:00:35','2015-02-17',0.7121,0.583358,0,0,'/work/pics/pending/all','5453489801_20a5a1d97f.jpg',6),(104,'20:00:35','2015-02-17',0.3414,0.899076,1,0,'/work/pics/pending/all','5507460614_ea91d4de40.jpg',6),(105,'20:00:35','2015-02-17',0.3821,0.616093,0,0,'/work/pics/pending/all','5524122499_98050d086e.jpg',6),(106,'20:00:36','2015-02-17',0.4396,0.926207,1,1,'/work/pics/pending/all','57824l.jpg',6),(107,'20:00:36','2015-02-17',0.7111,0.178460,1,0,'/work/pics/pending/all','59145.jpg',6),(108,'20:00:39','2015-02-17',0.1918,0.299023,0,1,'/work/pics/pending/all','59344.jpg',6),(109,'20:00:39','2015-02-17',0.8847,0.984612,0,1,'/work/pics/pending/all','5prpa.jpg',6),(110,'20:00:40','2015-02-17',0.9265,0.015251,1,1,'/work/pics/pending/all','5siac.jpg',6),(111,'20:00:40','2015-02-17',0.7367,0.179484,1,1,'/work/pics/pending/all','6011880350_88a9e2ebb4.jpg',6),(112,'20:00:40','2015-02-17',0.9709,0.458134,0,1,'/work/pics/pending/all','6030028173_bb3ef7283a_b.jpg',6),(113,'20:00:41','2015-02-17',0.0254,0.629130,1,0,'/work/pics/pending/all','6035l.jpg',6),(114,'20:00:41','2015-02-17',0.1240,0.528385,1,1,'/work/pics/pending/all','6073279132_61f2fcd4b6_z.jpg',6),(115,'20:00:42','2015-02-17',0.9159,0.650938,0,1,'/work/pics/pending/all','6151_IMG01669.JPG',6),(116,'20:00:42','2015-02-17',0.5000,0.699675,0,1,'/work/pics/pending/all','6168805634_3a273638f4_z.jpg',6),(117,'20:00:42','2015-02-17',0.6464,0.661754,1,1,'/work/pics/pending/all','6446500.jpg',6),(118,'20:00:43','2015-02-17',0.0537,0.847988,0,0,'/work/pics/pending/all','64e4e39a.jpg',6),(119,'20:00:43','2015-02-17',0.8490,0.801410,0,1,'/work/pics/pending/all','6675092933_6a3728001c.jpg',6),(120,'20:00:44','2015-02-17',0.7501,0.714901,1,1,'/work/pics/pending/all','689653851_0f22bfe779.jpg',6),(121,'20:00:44','2015-02-17',0.7384,0.676905,1,1,'/work/pics/pending/all','6a00d8341d55eb53ef00e54f0a26b88833-500wi.jpg',6),(122,'20:00:44','2015-02-17',0.7447,0.691266,1,1,'/work/pics/pending/all','6_DAmicis_portfolio-950x633.jpg',6),(123,'20:00:45','2015-02-17',0.7146,0.906025,0,1,'/work/pics/pending/all','6_Minuartiaglabra4_5-1-2011_EvaRussellChandrHeritagePreserveSouthCarolina.JPG',6),(124,'20:00:47','2015-02-17',0.9414,0.421440,0,1,'/work/pics/pending/all','7047462651_2fa6f510d8_m.jpg',6),(125,'20:00:47','2015-02-17',0.5197,0.200025,0,1,'/work/pics/pending/all','7463585254_006b450d52_m.jpg',6),(126,'20:00:47','2015-02-17',0.7033,0.661316,0,1,'/work/pics/pending/all','7alget.jpg',6),(127,'20:00:47','2015-02-17',0.2766,0.529511,0,0,'/work/pics/pending/all','8131021929_95536a259b_m.jpg',6),(128,'20:00:47','2015-02-17',0.7073,0.028566,1,1,'/work/pics/pending/all','83158567.wpdgJ5kD.plantspec.jpg',6),(129,'20:00:48','2015-02-17',0.9768,0.683803,0,1,'/work/pics/pending/all','83826_43f1ee1b.jpg',6),(130,'20:00:49','2015-02-17',0.1661,0.059107,0,0,'/work/pics/pending/all','83828_4b2199aa.jpg',6),(131,'20:00:50','2015-02-17',0.2229,0.574235,1,0,'/work/pics/pending/all','83EB8F8E-1DD8-B71C-07B1D8BAEE5E3F82.jpg',6),(132,'20:01:03','2015-02-17',0.3752,0.489548,0,0,'/work/pics/pending/all','85248.jpg',6),(133,'20:01:04','2015-02-17',0.8596,0.659231,0,1,'/work/pics/pending/all','8701920999_1f96542c1c.jpg',6),(134,'20:01:04','2015-02-17',0.6442,0.523470,0,0,'/work/pics/pending/all','87521.jpg',6),(135,'20:01:04','2015-02-17',0.6100,0.206139,0,0,'/work/pics/pending/all','889370940aecb4bbec5a8201d3c0224b-1379525971.jpg',6),(136,'20:01:05','2015-02-17',0.2042,0.155034,1,1,'/work/pics/pending/all','8c49_Silene-Mount-Snowdon.jpg',6),(137,'20:01:06','2015-02-17',0.0112,0.308228,0,1,'/work/pics/pending/all','9049_1_fullsize.jpg',6),(138,'20:01:07','2015-02-17',0.6047,0.243726,1,0,'/work/pics/pending/all','9274547351_33603d1f30_b.jpg',6),(139,'20:01:09','2015-02-17',0.7686,0.870624,1,0,'/work/pics/pending/all','96.jpg',6),(140,'20:01:11','2015-02-17',0.6790,0.931440,0,0,'/work/pics/pending/all','97.jpg',6),(141,'20:01:14','2015-02-17',0.1722,0.666754,0,0,'/work/pics/pending/all','9818.jpg',6),(142,'20:01:14','2015-02-17',0.3366,0.765646,0,1,'/work/pics/pending/all','99934.jpg',6),(143,'20:01:22','2015-02-17',0.0422,0.791068,1,0,'/work/pics/pending/all','99ff3dae15a24360f5ec5d4a2f1790b1.jpg',6),(144,'20:01:23','2015-02-17',0.3680,0.128662,1,1,'/work/pics/pending/all','acaulis-1b.jpg',6),(145,'20:01:24','2015-02-17',0.0486,0.120056,1,0,'/work/pics/pending/all','acaulis300.jpg',6),(146,'20:01:24','2015-02-17',0.2591,0.955597,1,0,'/work/pics/pending/all','acaulis4a.jpg',6),(147,'20:01:25','2015-02-17',0.9519,0.803385,1,0,'/work/pics/pending/all','acaulis4c.jpg',6),(148,'20:01:26','2015-02-17',0.7546,0.766574,1,1,'/work/pics/pending/all','acaulis5a.jpg',6),(149,'20:01:27','2015-02-17',0.2214,0.365231,1,0,'/work/pics/pending/all','AF4.jpg',6),(150,'20:01:29','2015-02-17',0.5630,0.263805,1,0,'/work/pics/pending/all','AH-Moss-Campion-Silene-acaulis-2229.jpg',6),(151,'20:01:30','2015-02-17',0.3916,0.574791,1,1,'/work/pics/pending/all','AH-Moss-Campion-Silene-acaulis-2587.jpg',6),(152,'20:01:31','2015-02-17',0.4681,0.859504,1,1,'/work/pics/pending/all','AH-Moss-Campion-Silene-acaulis-2918.jpg',6),(153,'20:01:32','2015-02-17',0.3887,0.377039,1,1,'/work/pics/pending/all','AH-Moss-Campion-Silene-acaulis-4336.jpg',6),(154,'20:01:32','2015-02-17',0.5448,0.551538,0,1,'/work/pics/pending/all','alge_004_shp.jpg',6),(155,'20:01:32','2015-02-17',0.4589,0.767950,0,1,'/work/pics/pending/all','allgey1ff.jpg',6),(156,'20:01:34','2015-02-17',0.6508,0.485252,0,1,'/work/pics/pending/all','allgey1fs.jpg',6),(157,'20:01:36','2015-02-17',0.0828,0.012093,0,1,'/work/pics/pending/all','allium-geyeri1.jpg',6),(158,'20:01:36','2015-02-17',0.7680,0.408344,0,0,'/work/pics/pending/all','Allium_geyeri1.jpg',6),(159,'20:01:37','2015-02-17',0.3960,0.076296,0,1,'/work/pics/pending/all','allium-geyeri2.jpg',6),(160,'20:01:38','2015-02-17',0.0455,0.584084,0,1,'/work/pics/pending/all','allium-geyeri3.jpg',6),(161,'20:01:39','2015-02-17',0.0669,0.843333,0,1,'/work/pics/pending/all','allium-geyeri-6-26-2010-11-27-48-am.jpg',6),(162,'20:01:43','2015-02-17',0.6827,0.712096,0,1,'/work/pics/pending/all','Alliumgeyeri_ALL_9047.jpg',6),(163,'20:01:43','2015-02-17',0.8862,0.634618,0,1,'/work/pics/pending/all','Allium-geyeri-Fbug-web-N7.jpg',6),(164,'20:01:44','2015-02-17',0.0519,0.962077,0,0,'/work/pics/pending/all','Allium_geyeri.jpg',6),(165,'20:01:47','2015-02-17',0.6540,0.388386,0,0,'/work/pics/pending/all','Allium_lusitanicum_002.JPG',6),(166,'20:01:47','2015-02-17',0.4806,0.233910,1,0,'/work/pics/pending/all','Alpen_842010.jpg',6),(167,'20:01:48','2015-02-17',0.4201,0.179049,1,1,'/work/pics/pending/all','alps-flower-little-pink-flowers-silene-acaulis-s-typical-grows-europe-32340639.jpg',6),(168,'20:01:48','2015-02-17',0.9510,0.668927,1,1,'/work/pics/pending/all','a_Moss_Campion_Flowers.jpg',6),(169,'20:01:48','2015-02-17',0.0546,0.300329,0,1,'/work/pics/pending/all','Androsacealpina.jpeg',6),(170,'20:01:48','2015-02-17',0.1560,0.862429,0,1,'/work/pics/pending/all','Androsace_ciliata.jpg',6),(171,'20:01:49','2015-02-17',0.2256,0.537162,0,1,'/work/pics/pending/all','androsacepizzoci.jpg',6),(172,'20:01:50','2015-02-17',0.9903,0.218028,0,0,'/work/pics/pending/all','Androsace-stenophylla.jpg',6),(173,'20:01:50','2015-02-17',0.4407,0.075707,1,1,'/work/pics/pending/all','ane-silene-acaulis-01407.jpg',6),(174,'20:01:50','2015-02-17',0.5581,0.853327,0,1,'/work/pics/pending/all','angustifolia3j.jpg',6),(175,'20:01:51','2015-02-17',0.3739,0.652765,0,1,'/work/pics/pending/all','angustifolia5j.jpg',6),(176,'20:01:51','2015-02-17',0.0979,0.649450,0,0,'/work/pics/pending/all','angustifolia.jpg',6),(177,'20:01:51','2015-02-17',0.0363,0.820861,0,1,'/work/pics/pending/all','arctica1a.jpg',6),(178,'20:01:52','2015-02-17',0.7975,0.873315,0,0,'/work/pics/pending/all','arctica4b.jpg',6),(179,'20:01:53','2015-02-17',0.9029,0.406843,0,0,'/work/pics/pending/all','arenaria_montana.jpg',6),(180,'20:01:53','2015-02-17',0.3389,0.247423,0,0,'/work/pics/pending/all','arenariavernaaurea.jpg',6),(181,'20:01:53','2015-02-17',0.5762,0.774687,0,0,'/work/pics/pending/all','AREPAT_DT.jpg',6),(182,'20:01:53','2015-02-17',0.6241,0.150213,0,1,'/work/pics/pending/all','BelleWoodinBloom_2011-04_Primulakisoana-group.jpg',6),(183,'20:01:54','2015-02-17',0.1660,0.685942,1,0,'/work/pics/pending/all','BirkiLambagrasVefur.jpg',6),(184,'20:01:54','2015-02-17',0.4000,0.262721,1,1,'/work/pics/pending/all','Blog.jpg',6),(185,'20:01:55','2015-02-17',0.8346,0.697835,0,0,'/work/pics/pending/all','boreal_sandwort_minuartia_rubella_white_yukon_carcross_sugarloaf_mountain_edited-1.jpg',6),(186,'20:01:55','2015-02-17',0.1141,0.154108,1,1,'/work/pics/pending/all','brezstebelna-lepnica-silene-acaulis.jpg',6),(187,'20:01:55','2015-02-17',0.5746,0.420009,0,0,'/work/pics/pending/all','C0806221733-M.-arctica-Sm.jpg',6),(188,'20:01:56','2015-02-17',0.8597,0.206237,1,1,'/work/pics/pending/all','c3f7a23932d9497af0e6f09d31d5e2ac.jpg',6),(189,'20:01:56','2015-02-17',0.2862,0.851289,1,1,'/work/pics/pending/all','campion-moss-silene-acaulis-hosting-others-snowy-range-wy.jpg',6),(190,'20:02:06','2015-02-17',0.4504,0.095939,1,1,'/work/pics/pending/all','c_documents_and_settings_snaefell_desktop_hakon_picture_085.jpg',6),(191,'20:02:10','2015-02-17',0.1677,0.378466,0,0,'/work/pics/pending/all','centaureapindicola06.JPG',6),(192,'20:02:11','2015-02-17',0.9072,0.083361,1,1,'/work/pics/pending/all','CO_Plants_moss_campion.jpg',6),(193,'20:02:11','2015-02-17',0.3649,0.672757,0,1,'/work/pics/pending/all','CO_Plants_Parrys_Primrose2.jpg',6),(194,'20:02:12','2015-02-17',0.0788,0.154766,0,1,'/work/pics/pending/all','CO_Plants_parrys_primrose.jpg',6),(195,'20:02:13','2015-02-17',0.8563,0.911456,0,0,'/work/pics/pending/all','CORTUSATURKESTANICA.JPG',6),(196,'20:02:13','2015-02-17',0.9343,0.542898,0,1,'/work/pics/pending/all','COWI-006682.jpg',6),(197,'20:02:14','2015-02-17',0.8842,0.542394,0,0,'/work/pics/pending/all','COWI-006710.jpg',6),(198,'20:02:14','2015-02-17',0.6143,0.255515,0,0,'/work/pics/pending/all','d9ead1.jpg',6),(199,'20:02:15','2015-02-17',0.4895,0.807026,1,0,'/work/pics/pending/all','Day30-136-moss-campion-sile.png',6),(200,'20:02:15','2015-02-17',0.4630,0.142933,0,0,'/work/pics/pending/all','Day30-143-Minuartia-macroca.png',6),(201,'20:02:16','2015-02-17',0.8255,0.053962,0,1,'/work/pics/pending/all','defaultGen.jpg',6),(202,'20:02:16','2015-02-17',0.6801,0.550962,1,0,'/work/pics/pending/all','Dixi-Silene_acaulis_flowers.jpg',6),(203,'20:02:16','2015-02-17',0.1912,0.049301,1,0,'/work/pics/pending/all','Dixi-Silene_acaulis.jpg',6),(204,'20:02:22','2015-02-17',0.3658,0.550871,0,0,'/work/pics/pending/all','Douglasialaevigatacluster.jpeg',6),(205,'20:02:23','2015-02-17',0.0731,0.766890,0,0,'/work/pics/pending/all','DSC_0107Primulaparryi.JPG',6),(206,'20:02:24','2015-02-17',0.2287,0.147041,1,0,'/work/pics/pending/all','DSC02549v2.JPG',6),(207,'20:02:26','2015-02-17',0.1088,0.664943,0,0,'/work/pics/pending/all','dsc_6206-2_960.jpeg',6),(208,'20:02:27','2015-02-17',0.3452,0.461019,0,1,'/work/pics/pending/all','dsc_8352.jpg',6),(209,'20:02:31','2015-02-17',0.2392,0.135813,1,0,'/work/pics/pending/all','DSCN0799.JPG',6),(210,'20:02:32','2015-02-17',0.2284,0.275953,0,0,'/work/pics/pending/all','DSCN1314.JPG',6),(211,'20:02:35','2015-02-17',0.6663,0.852611,1,0,'/work/pics/pending/all','DSCN2606.JPG_2008630101341_DSCN2606.JPG',6),(212,'20:02:35','2015-02-17',0.5666,0.592905,0,0,'/work/pics/pending/all','DSCN5765-S.jpg',6),(213,'20:02:35','2015-02-17',0.3330,0.296772,0,0,'/work/pics/pending/all','en_3663.jpg',6),(214,'20:02:36','2015-02-17',0.1104,0.307957,0,0,'/work/pics/pending/all','ena_1876.jpg',6),(215,'20:02:36','2015-02-17',0.6639,0.098622,0,1,'/work/pics/pending/all','ena_4292.jpg',6),(216,'20:02:37','2015-02-17',0.2856,0.278510,0,1,'/work/pics/pending/all','enc_5989.jpg',6),(217,'20:02:37','2015-02-17',0.5196,0.050987,0,1,'/work/pics/pending/all','enc_8735.jpg',6),(218,'20:02:38','2015-02-17',0.2765,0.444367,0,1,'/work/pics/pending/all','f060208.jpg',6),(219,'20:02:38','2015-02-17',0.0994,0.958446,0,0,'/work/pics/pending/all','f142t2111p7133n2.jpg',6),(220,'20:02:39','2015-02-17',0.5931,0.026232,0,1,'/work/pics/pending/all','f7941c.jpg',6),(221,'20:02:39','2015-02-17',0.4627,0.056544,1,0,'/work/pics/pending/all','FD4B1A5E-155D-451F-67C21AE4524275B0.JPG',6),(222,'20:02:43','2015-02-17',0.5661,0.882090,1,0,'/work/pics/pending/all','Fjellsmelle4.jpg',6),(223,'20:02:43','2015-02-17',0.3018,0.950391,1,0,'/work/pics/pending/all','fjellsmelle.jpg',6),(224,'20:02:44','2015-02-17',0.5662,0.449715,1,1,'/work/pics/pending/all','Flickr_-_brewbooks_-_Silene_acaulis_Moss-campion.jpg',6),(225,'20:02:48','2015-02-17',0.4870,0.919549,1,0,'/work/pics/pending/all','flora-silene-a-cuscinetto-a.jpg',6),(226,'20:02:48','2015-02-17',0.6815,0.297210,0,0,'/work/pics/pending/all','foto13.JPG',6),(227,'20:02:48','2015-02-17',0.7750,0.290487,0,0,'/work/pics/pending/all','fra-fen21.jpg',6),(228,'20:02:49','2015-02-17',0.5224,0.618208,0,0,'/work/pics/pending/all','geyeronion_51.jpg',6),(229,'20:02:51','2015-02-17',0.4750,0.938812,0,1,'/work/pics/pending/all','gracilipesCheliLa2.jpg',6),(230,'20:02:51','2015-02-17',0.1299,0.476836,0,1,'/work/pics/pending/all','GY10150_big.jpg',6),(231,'20:02:53','2015-02-17',0.9466,0.774891,0,1,'/work/pics/pending/all','Handies_Pk_7_26_09023.jpg',6),(232,'20:02:54','2015-02-17',0.6077,0.942727,0,1,'/work/pics/pending/all','Harvard046.jpg',6),(233,'20:02:55','2015-02-17',0.7777,0.594093,0,1,'/work/pics/pending/all','HD_Minuartia-austriaca_2010-07-17_Lienzer-Dolomiten.jpg',6),(234,'20:02:55','2015-02-17',0.0868,0.714047,0,1,'/work/pics/pending/all','HFE-ChildrensFlower2-lg.JPG',6),(235,'20:02:55','2015-02-17',0.6329,0.172990,1,0,'/work/pics/pending/all','HJS_3137a_PSg_a_small.jpg',6),(236,'20:02:56','2015-02-17',0.6739,0.846153,0,0,'/work/pics/pending/all','houston_texas_colorado-alpine_sandwort_lidia_obtusiloba_minuartia.jpg',6),(237,'20:03:02','2015-02-17',0.5411,0.033354,1,1,'/work/pics/pending/all','http---upload.wikimedia.org-wikipedia-commons-6-6b-Silene_acaulis_Kalk-Polsternelke.JPG',6),(238,'20:03:04','2015-02-17',0.8923,0.267197,0,1,'/work/pics/pending/all','i017.jpg',6),(239,'20:03:05','2015-02-17',0.4025,0.189540,0,0,'/work/pics/pending/all','image004.jpg',6),(240,'20:03:05','2015-02-17',0.7073,0.102629,0,1,'/work/pics/pending/all','image029.jpg',6),(241,'20:03:06','2015-02-17',0.5472,0.286056,0,1,'/work/pics/pending/all','IMG_0084.jpg',6),(242,'20:03:24','2015-02-17',0.4167,0.949522,0,0,'/work/pics/pending/all','IMG_0965-MinuartiaMichauxii_RockSandwort-L.jpg',6),(243,'20:03:24','2015-02-17',0.6723,0.394137,0,1,'/work/pics/pending/all','Img1044.jpg',6),(244,'20:03:25','2015-02-17',0.4733,0.309827,0,0,'/work/pics/pending/all','Img1045.jpg',6),(245,'20:03:25','2015-02-17',0.5887,0.192839,0,0,'/work/pics/pending/all','Img_1161.jpg',6),(246,'20:03:25','2015-02-17',0.3558,0.530469,0,1,'/work/pics/pending/all','Img_1162.jpg',6),(247,'20:03:26','2015-02-17',0.9556,0.688045,0,1,'/work/pics/pending/all','IMG_1705.jpg',6),(248,'20:03:27','2015-02-17',0.6167,0.434338,0,1,'/work/pics/pending/all','Img_1781.jpg',6),(249,'20:03:27','2015-02-17',0.9931,0.029818,0,1,'/work/pics/pending/all','img_2835.jpg',6),(250,'20:03:47','2015-02-17',0.7033,0.148744,1,0,'/work/pics/pending/all','IMG_4422.jpg',6),(251,'20:03:49','2015-02-17',0.2836,0.748089,0,0,'/work/pics/pending/all','IMG_5633redimMinuartaverna.jpg',6),(252,'20:03:49','2015-02-17',0.5828,0.119581,1,1,'/work/pics/pending/all','IMG_6181.JPG',6),(253,'20:03:50','2015-02-17',0.4696,0.341935,0,1,'/work/pics/pending/all','IMG_6257.JPG',6),(254,'20:03:50','2015-02-17',0.6912,0.911224,0,1,'/work/pics/pending/all','IMG_7510-kopie-L.jpg',6),(255,'20:03:50','2015-02-17',0.4268,0.919900,0,1,'/work/pics/pending/all','Img935.jpg',6),(256,'20:03:51','2015-02-17',0.3626,0.846532,1,1,'/work/pics/pending/all','IMGP0644.JPG',6),(257,'20:03:52','2015-02-17',0.5802,0.187604,0,1,'/work/pics/pending/all','imgp3343.jpg',6),(258,'20:03:54','2015-02-17',0.1787,0.826496,0,0,'/work/pics/pending/all','ire_128.jpg',6),(259,'20:03:54','2015-02-17',0.8117,0.142757,0,0,'/work/pics/pending/all','ivelina_assyova_152605.jpg',6),(260,'20:03:54','2015-02-17',0.1347,0.806555,0,1,'/work/pics/pending/all','jan_friede_302615.jpg',6),(261,'20:03:55','2015-02-17',0.3647,0.157615,1,0,'/work/pics/pending/all','jan_zabojnik_277613.jpg',6),(262,'20:03:55','2015-02-17',0.3640,0.422261,0,0,'/work/pics/pending/all','jcs-minuartia-verna-31589.jpg',6),(263,'20:03:55','2015-02-17',0.1845,0.134216,1,1,'/work/pics/pending/all','jcs-silene-acaulis-57811.jpg',6),(264,'20:03:56','2015-02-17',0.9795,0.191083,1,0,'/work/pics/pending/all','jcs-silene-acaulis-57813.jpg',6),(265,'20:03:56','2015-02-17',0.3189,0.930653,0,1,'/work/pics/pending/all','JSellersphotos040.jpg',6),(266,'20:03:57','2015-02-17',0.7397,0.354400,0,1,'/work/pics/pending/all','kristasgarden05-27-06-D.jpg',6),(267,'20:03:57','2015-02-17',0.9922,0.545040,0,1,'/work/pics/pending/all','kruhatka_matthiolova3.jpg',6),(268,'20:03:57','2015-02-17',0.3070,0.085074,0,1,'/work/pics/pending/all','kruhatka_matthiolova5.jpg',6),(269,'20:03:58','2015-02-17',0.4642,0.412598,0,0,'/work/pics/pending/all','laaalba.jpg',6),(270,'20:04:00','2015-02-17',0.7406,0.441171,1,1,'/work/pics/pending/all','lambagrasic3b0-varretu-poisrohi.jpg',6),(271,'20:04:08','2015-02-17',0.6357,0.647134,1,1,'/work/pics/pending/all','lambagrasreal.jpg',6),(272,'20:04:09','2015-02-17',0.2387,0.880933,0,0,'/work/pics/pending/all','Leptodactylon_caespitosum.jpg',6),(273,'20:04:11','2015-02-17',0.5906,0.827419,0,0,'/work/pics/pending/all','lgpriang.jpg',6),(274,'20:04:11','2015-02-17',0.9369,0.531545,0,0,'/work/pics/pending/all','LRN_IMG0029.JPG',6),(275,'20:04:12','2015-02-17',0.9886,0.087230,0,1,'/work/pics/pending/all','May122010455.jpg',6),(276,'20:04:14','2015-02-17',0.2797,0.495992,0,1,'/work/pics/pending/all','medium.jpg',6),(277,'20:04:14','2015-02-17',0.1500,0.650906,1,0,'/work/pics/pending/all','mi05070.jpg',6),(278,'20:04:14','2015-02-17',0.2976,0.905763,0,0,'/work/pics/pending/all','milan_zajac_153846.jpg',6),(279,'20:04:15','2015-02-17',0.3560,0.675960,1,0,'/work/pics/pending/all','milan_zajac_160599.jpg',6),(280,'20:04:15','2015-02-17',0.9025,0.217439,0,0,'/work/pics/pending/all','minuarthirfrutherb3.jpg',6),(281,'20:04:15','2015-02-17',0.0662,0.746365,0,1,'/work/pics/pending/all','Minuartia_arctica.jpg',6),(282,'20:04:17','2015-02-17',0.9861,0.533002,0,0,'/work/pics/pending/all','minuartia-austriaca-001.jpg',6),(283,'20:04:18','2015-02-17',0.7926,0.729518,0,1,'/work/pics/pending/all','minuartia-austriaca37025.jpg',6),(284,'20:04:18','2015-02-17',0.5772,0.563133,0,1,'/work/pics/pending/all','Minuartia_austriaca_e3d2c6d5.jpg',6),(285,'20:04:19','2015-02-17',0.6516,0.685070,0,1,'/work/pics/pending/all','minuartia-austriaca.jpg',6),(286,'20:04:19','2015-02-17',0.6453,0.763474,0,1,'/work/pics/pending/all','Minuartia_austriaca_sterreich-Miere_IMG_3246.JPG',6),(287,'20:04:21','2015-02-17',0.7113,0.510655,0,1,'/work/pics/pending/all','minuartia-caespitosa-1.jpg',6),(288,'20:04:21','2015-02-17',0.9301,0.244809,0,1,'/work/pics/pending/all','Minuartia_capillacea01.jpg',6),(289,'20:04:22','2015-02-17',0.9367,0.007778,0,0,'/work/pics/pending/all','Minuartia_capillacea_1.jpg',6),(290,'20:04:22','2015-02-17',0.5849,0.273043,0,1,'/work/pics/pending/all','minuartia-capillacea22740.jpg',6),(291,'20:04:23','2015-02-17',0.9534,0.438102,0,1,'/work/pics/pending/all','Minuartia_capillacea_2.jpg',6),(292,'20:04:23','2015-02-17',0.2718,0.602366,0,1,'/work/pics/pending/all','Minuartia_capillacea_4.JPG',6),(293,'20:04:24','2015-02-17',0.1438,0.306544,0,0,'/work/pics/pending/all','Minuartia-capillaceaN9897.jpg',6),(294,'20:04:24','2015-02-17',0.3251,0.311152,0,1,'/work/pics/pending/all','minuartia-caroliniana-ha-fbramley.jpg',6),(295,'20:04:25','2015-02-17',0.7080,0.635514,0,0,'/work/pics/pending/all','MinuartiaCerastiifolia_4.jpg',6),(296,'20:04:25','2015-02-17',0.5096,0.816111,0,0,'/work/pics/pending/all','Minuartia_cherlerioides1.jpg',6),(297,'20:04:25','2015-02-17',0.5030,0.283859,0,1,'/work/pics/pending/all','Minuartiacherlerioides1.jpg',6),(298,'20:04:26','2015-02-17',0.6225,0.487577,0,1,'/work/pics/pending/all','Minuartia_cherlerioides_30134_141849.jpg',6),(299,'20:04:26','2015-02-17',0.4693,0.277102,0,1,'/work/pics/pending/all','Minuartiadianthifolia12.jpg',6),(300,'20:04:27','2015-02-17',0.0544,0.833611,0,0,'/work/pics/pending/all','Minuartiadouglasii2.jpg',6),(301,'20:04:27','2015-02-17',0.4869,0.198957,0,0,'/work/pics/pending/all','Minuartiaelegans_8949_RB006.JPG',6),(302,'20:04:33','2015-02-17',0.2046,0.585575,0,0,'/work/pics/pending/all','Minuartia_elegans.jpg',6),(303,'20:04:52','2015-02-17',0.0018,0.437937,0,1,'/work/pics/pending/all','minuartia_frutescens_kit_tuzson_brentakurdvium1.jpg',6),(304,'20:04:52','2015-02-17',0.0562,0.205220,0,0,'/work/pics/pending/all','minuartia_geniculata.jpg',6),(305,'20:04:53','2015-02-17',0.2039,0.698404,0,1,'/work/pics/pending/all','Minuartia_gerardii_-_Alpen-Miere_auf_der_Rax.jpg',6),(306,'20:05:00','2015-02-17',0.2432,0.601367,0,1,'/work/pics/pending/all','Minuartia_gerardii.jpg',6),(307,'20:05:04','2015-02-17',0.2026,0.829239,0,0,'/work/pics/pending/all','minuartia-glabra-fl-dcameron-a.jpg',6),(308,'20:05:05','2015-02-17',0.9946,0.254823,0,0,'/work/pics/pending/all','minuartia-glabra-fr-dmcgrady.jpg',6),(309,'20:05:05','2015-02-17',0.3430,0.795843,0,1,'/work/pics/pending/all','minuartia-glomerata-subsp-trichocalycina450.jpg',6),(310,'20:05:06','2015-02-17',0.8208,0.171222,0,1,'/work/pics/pending/all','Minuartiagraminifolia.jpg',6),(311,'20:05:06','2015-02-17',0.5736,0.600821,0,1,'/work/pics/pending/all','minuartia-grignensis10111.jpg',6),(312,'20:05:06','2015-02-17',0.6276,0.596051,0,1,'/work/pics/pending/all','Minuartia_groenlandica_1.jpg',6),(313,'20:05:06','2015-02-17',0.9961,0.268989,0,1,'/work/pics/pending/all','Minuartia_groenlandica_3.jpg',6),(314,'20:05:07','2015-02-17',0.2753,0.803668,0,0,'/work/pics/pending/all','Minuartiahamata.jpg',6),(315,'20:05:07','2015-02-17',0.1624,0.501818,0,0,'/work/pics/pending/all','minuartiahercynherb1.jpg',6),(316,'20:05:07','2015-02-17',0.5827,0.383947,1,0,'/work/pics/pending/all','Minuartia-hirsuta-a_extern.jpg',6),(317,'20:05:08','2015-02-17',0.7684,0.246696,0,1,'/work/pics/pending/all','Minuartiahirsutafalcata.jpg',6),(318,'20:05:08','2015-02-17',0.0279,0.518550,0,0,'/work/pics/pending/all','Minuartia-hirsuta-ssp-falcata_extern_picasaweb.jpg',6),(319,'20:05:09','2015-02-17',0.1648,0.159076,0,0,'/work/pics/pending/all','Minuartiahirsutasspfrutescens1Saxifraga-JanvanderStraaten.jpg',6),(320,'20:05:09','2015-02-17',0.1243,0.311470,0,0,'/work/pics/pending/all','Minuartiahirsutasubspfrutescens_2_1_logo.jpg',6),(321,'20:05:10','2015-02-17',0.7507,0.679966,0,1,'/work/pics/pending/all','minuartia-hybrida-hybrida-82-lavaurette-29-05-2012-c.jpg',6),(322,'20:05:10','2015-02-17',0.5637,0.857024,1,0,'/work/pics/pending/all','MinuartiahybridaOptevozjuin2012P1100549.JPG',6),(323,'20:05:11','2015-02-17',0.4340,0.825112,0,1,'/work/pics/pending/all','Minuartia_inamoena__20080711_046_GE_KheviKazbegi_NEaboveGudauri_GE-CAK-CP4_3020m__IMG_6739.JPG',6),(324,'20:05:21','2015-02-17',0.3788,0.421288,0,1,'/work/pics/pending/all','Minuartiajuniperina1CopenhagenBotGarden130625.JPG',6),(325,'20:05:33','2015-02-17',0.0101,0.728696,0,1,'/work/pics/pending/all','minuartiajuniperina.jpg',6),(326,'20:05:34','2015-02-17',0.8254,0.269090,0,0,'/work/pics/pending/all','Minuartiajuniperina.jpg',6),(327,'20:05:34','2015-02-17',0.9906,0.358160,0,0,'/work/pics/pending/all','MinuartiajuniperinaL_MARIEETPETITM_jpg.jpg',6),(328,'20:05:35','2015-02-17',0.4393,0.772264,0,0,'/work/pics/pending/all','Minuartia-kashmirica.jpg',6),(329,'20:05:35','2015-02-17',0.9597,0.717682,0,0,'/work/pics/pending/all','Minuartia_kitaibelii_a1.jpg',6),(330,'20:05:36','2015-02-17',0.6365,0.876599,0,1,'/work/pics/pending/all','minuartialangiiherb1.jpg',6),(331,'20:05:37','2015-02-17',0.0964,0.952929,0,1,'/work/pics/pending/all','minuartia_laricifolia_04.jpg',6),(332,'20:05:37','2015-02-17',0.7631,0.490772,0,1,'/work/pics/pending/all','Minuartia_laricifolia_______16_07_2004_1.JPG',6),(333,'20:05:37','2015-02-17',0.2490,0.427888,0,1,'/work/pics/pending/all','Minuartia_laricifolia_1.JPG',6),(334,'20:05:38','2015-02-17',0.1184,0.335661,0,1,'/work/pics/pending/all','minuartia_laricifolia2.jpg',6),(335,'20:05:38','2015-02-17',0.4870,0.236759,0,1,'/work/pics/pending/all','Minuartia_laricifolia_2.JPG',6),(336,'20:05:38','2015-02-17',0.7376,0.998678,0,1,'/work/pics/pending/all','Minuartia_laricifolia_ssp_kitaibelii-IMG_4268.jpg',6),(337,'20:05:57','2015-02-17',0.0258,0.786778,0,0,'/work/pics/pending/all','minuartia-laricifolia-subsp-kitaibelii29520.jpg',6),(338,'20:05:57','2015-02-17',0.7922,0.263228,0,0,'/work/pics/pending/all','minuartia-laricifolia-subsp-kitaibelii8298.jpg',6),(339,'20:05:58','2015-02-17',0.5275,0.041940,0,0,'/work/pics/pending/all','minuartia-laricifolia-subsp-laricifoli66724.jpg',6),(340,'20:05:58','2015-02-17',0.6877,0.115490,0,1,'/work/pics/pending/all','minuartia-laricifolia-subsp-ophiolitica12302.jpg',6),(341,'20:05:59','2015-02-17',0.3271,0.145421,0,1,'/work/pics/pending/all','minuartia-laricifolia-subsp-ophiolitica12307.jpg',6),(342,'20:05:59','2015-02-17',0.9859,0.422855,0,0,'/work/pics/pending/all','Minuartia_lineata__20070707_105_Iran_AlborzS_TouchalW_3200m__IMG_0157.JPG',6),(343,'20:06:10','2015-02-17',0.1264,0.039917,0,0,'/work/pics/pending/all','Minuartia_liniflora_________03_07_2003_1.JPG',6),(344,'20:06:10','2015-02-17',0.5437,0.413759,0,1,'/work/pics/pending/all','minuartiaobtus3.jpg',6),(345,'20:06:10','2015-02-17',0.3338,0.437786,0,1,'/work/pics/pending/all','Minuartia_obtusiloba_3.JPG',6),(346,'20:06:11','2015-02-17',0.9523,0.310940,0,1,'/work/pics/pending/all','minuartiaobtusilobaIMG_8237.jpg',6),(347,'20:06:11','2015-02-17',0.6151,0.914979,0,0,'/work/pics/pending/all','Minuartia_patula_22260_500.jpg',6),(348,'20:06:11','2015-02-17',0.0024,0.560600,0,0,'/work/pics/pending/all','Minuartia_patula_22269_500.jpg',6),(349,'20:06:11','2015-02-17',0.7849,0.522178,0,0,'/work/pics/pending/all','Minuartiapichleri-812-6.JPG',6),(350,'20:06:12','2015-02-17',0.4822,0.068808,0,1,'/work/pics/pending/all','Minuartia-picta.jpg',6),(351,'20:06:12','2015-02-17',0.6252,0.578184,0,0,'/work/pics/pending/all','Minuartiarecur3CopenhagenBotGarden130611.JPG',6),(352,'20:06:25','2015-02-17',0.9786,0.178445,0,1,'/work/pics/pending/all','minuartiarecurva10.jpg',6),(353,'20:06:25','2015-02-17',0.8936,0.849574,0,1,'/work/pics/pending/all','Minuartia_recurva___________17_08_2004_1.JPG',6),(354,'20:06:25','2015-02-17',0.1486,0.118862,0,0,'/work/pics/pending/all','Minuartiarecurva3Saxifraga-WillemvanKruijsbergen.jpg',6),(355,'20:06:26','2015-02-17',0.0965,0.073923,0,1,'/work/pics/pending/all','minuartiarecurva.JPG',6),(356,'20:06:28','2015-02-17',0.2171,0.160168,0,1,'/work/pics/pending/all','Minuartia_recurva_Krummb._Miere.JPG',6),(357,'20:06:30','2015-02-17',0.1931,0.491527,0,1,'/work/pics/pending/all','minuartiarecurvat.jpg',6),(358,'20:06:31','2015-02-17',0.9272,0.098537,0,1,'/work/pics/pending/all','Minuartia_rostrata_19759_94254.jpg',6),(359,'20:06:31','2015-02-17',0.7017,0.737661,0,0,'/work/pics/pending/all','Minuartia_rostrata_38050_176693.jpg',6),(360,'20:06:32','2015-02-17',0.3670,0.413773,0,1,'/work/pics/pending/all','Minuartia-rostrata_585.jpg',6),(361,'20:06:33','2015-02-17',0.9393,0.728710,0,1,'/work/pics/pending/all','minuartia-rostrata-82-st-antonin-capucin-15-03-2008-b.jpg',6),(362,'20:06:33','2015-02-17',0.5161,0.282704,0,1,'/work/pics/pending/all','MinuartiarostrataPersRchb18411842_-_Minuartirostre_001.JPG',6),(363,'20:06:34','2015-02-17',0.4491,0.107511,0,0,'/work/pics/pending/all','Minuartiarubella_9322_RB001corrected.JPG',6),(364,'20:06:40','2015-02-17',0.7121,0.617937,0,0,'/work/pics/pending/all','Minuartiarubella_9322_RB003corrected.JPG',6),(365,'20:06:46','2015-02-17',0.0987,0.851927,0,1,'/work/pics/pending/all','Minuartiarubella.jpg',6),(366,'20:06:46','2015-02-17',0.6684,0.795575,0,0,'/work/pics/pending/all','minuartia-rupestris1122.jpg',6),(367,'20:06:47','2015-02-17',0.7824,0.215714,0,0,'/work/pics/pending/all','Minuartiarupestris2.jpg',6),(368,'20:06:47','2015-02-17',0.2464,0.524375,0,0,'/work/pics/pending/all','Minuartia_rupestris_________30_07_2004_1.JPG',6),(369,'20:06:48','2015-02-17',0.5929,0.571798,0,0,'/work/pics/pending/all','minuartia_saxifraga_tmolea.JPG',6),(370,'20:06:48','2015-02-17',0.6433,0.053949,0,1,'/work/pics/pending/all','minuartiasedoideMinuartiasedoides148104_07_2009_0702FLORL.jpg',6),(371,'20:06:49','2015-02-17',0.3078,0.762776,0,1,'/work/pics/pending/all','minuartia-sedoides-1.jpg',6),(372,'20:06:49','2015-02-17',0.7005,0.055648,0,1,'/work/pics/pending/all','minuartia_smejkalii_1.jpg',6),(373,'20:06:49','2015-02-17',0.7296,0.716392,0,0,'/work/pics/pending/all','minuartia_smejkalii_2.jpg',6),(374,'20:06:50','2015-02-17',0.9383,0.481778,0,1,'/work/pics/pending/all','Minuartia-stellata-kitaibelii.JPG',6),(375,'20:06:50','2015-02-17',0.8976,0.015391,0,1,'/work/pics/pending/all','minuartiaverna121.jpg',6),(376,'20:06:50','2015-02-17',0.7010,0.565923,0,1,'/work/pics/pending/all','minuartiaverna12.jpg',6),(377,'20:06:51','2015-02-17',0.3944,0.939139,0,1,'/work/pics/pending/all','Minuartia_verna_____________13_06_2006_1.JPG',6),(378,'20:06:51','2015-02-17',0.1815,0.317064,1,0,'/work/pics/pending/all','Minuartia_verna_17907_86144.jpg',6),(379,'20:06:51','2015-02-17',0.8008,0.733777,0,0,'/work/pics/pending/all','Minuartiaverna-20030716-ColleBettaforca.jpg',6),(380,'20:06:55','2015-02-17',0.2869,0.954213,0,0,'/work/pics/pending/all','Minuartia_verna_____________27_06_2005_2.JPG',6),(381,'20:06:55','2015-02-17',0.5104,0.900210,0,0,'/work/pics/pending/all','Minuartia_verna_81626868.jpg',6),(382,'20:06:56','2015-02-17',0.4541,0.114320,0,0,'/work/pics/pending/all','minuartia-verna893.jpg',6),(383,'20:06:56','2015-02-17',0.3598,0.118001,0,1,'/work/pics/pending/all','Minuartia_verna.jpg',6),(384,'20:06:56','2015-02-17',0.9270,0.709129,0,1,'/work/pics/pending/all','minuartiavernasspidaea04.JPG',6),(385,'20:06:57','2015-02-17',0.3051,0.512144,0,1,'/work/pics/pending/all','minuartia-verna-subsp-verna358.jpg',6),(386,'20:06:58','2015-02-17',0.5643,0.448335,0,0,'/work/pics/pending/all','Minuartia_verna_var._japonica_1.JPG',6),(387,'20:07:06','2015-02-17',0.7837,0.517373,0,0,'/work/pics/pending/all','Minuartia_verna_var._japonica_4.JPG',6),(388,'20:07:14','2015-02-17',0.8242,0.594630,0,1,'/work/pics/pending/all','Minuartia_verna_var._japonica_5.JPG',6),(389,'20:07:22','2015-02-17',0.4102,0.830506,0,0,'/work/pics/pending/all','minuartrecurvaherb3.jpg',6),(390,'20:07:22','2015-02-17',0.0531,0.538804,0,1,'/work/pics/pending/all','minuatia_verna_m_bolza_06_11_IMG_3386.jpg',6),(391,'20:07:23','2015-02-17',0.1504,0.128259,0,0,'/work/pics/pending/all','minulanceolata_1.jpg',6),(392,'20:07:24','2015-02-17',0.6990,0.855074,0,1,'/work/pics/pending/all','minupauci5.jpg',6),(393,'20:07:24','2015-02-17',0.0837,0.628179,1,0,'/work/pics/pending/all','moss-campion-a-rare-find-in-cwm-idwal.jpg',6),(394,'20:07:24','2015-02-17',0.8557,0.917976,1,1,'/work/pics/pending/all','Moss-campion-flowers.jpg',6),(395,'20:07:25','2015-02-17',0.8394,0.070018,1,1,'/work/pics/pending/all','moss-campion-foliage.jpg',6),(396,'20:07:25','2015-02-17',0.2828,0.368948,1,0,'/work/pics/pending/all','mosscampionimg_3397.jpg',6),(397,'20:07:30','2015-02-17',0.5513,0.739083,1,1,'/work/pics/pending/all','Moss_Campionj.jpg',6),(398,'20:07:30','2015-02-17',0.6252,0.222010,1,0,'/work/pics/pending/all','moss_campion.jpg',6),(399,'20:07:31','2015-02-17',0.5332,0.452780,1,1,'/work/pics/pending/all','Moss-Campion.jpg',6),(400,'20:07:32','2015-02-17',0.8107,0.586317,1,0,'/work/pics/pending/all','moss_campionm.jpg',6),(401,'20:07:33','2015-02-17',0.3042,0.717630,1,1,'/work/pics/pending/all','moss_campion_mount_distincta_dempster_highway_south_eagle_plains_yukon_june2707.jpg',6),(402,'20:07:33','2015-02-17',0.4899,0.318085,1,0,'/work/pics/pending/all','moss_campionp.jpg',6),(403,'20:07:34','2015-02-17',0.5566,0.773577,1,0,'/work/pics/pending/all','moss-campion-silene-acaulis_493.jpg',6),(404,'20:07:35','2015-02-17',0.3538,0.741854,1,0,'/work/pics/pending/all','MossCampionSileneacaulis.JPG',6),(405,'20:07:37','2015-02-17',0.8682,0.936722,1,0,'/work/pics/pending/all','moss_campion-silene_acaulis-matterhorn_sacajawea-oregon-08.14.11.jpg',6),(406,'20:07:38','2015-02-17',0.3949,0.311824,1,0,'/work/pics/pending/all','moss-campion-silene-acaulis-svalbard_c7a9.jpg',6),(407,'20:07:39','2015-02-17',0.2461,0.060236,1,1,'/work/pics/pending/all','moss-campion-wildflowers-patch_glacier-park-montana-cottage-rental.jpg',6),(408,'20:07:39','2015-02-17',0.4008,0.432405,0,1,'/work/pics/pending/all','N09054D01_SZ336.jpg',6),(409,'20:07:40','2015-02-17',0.0121,0.480908,0,0,'/work/pics/pending/all','name.jpg',6),(410,'20:07:42','2015-02-17',0.2872,0.296897,0,1,'/work/pics/pending/all','ngustifoliaonPikesPeakDSC06651-vi.jpg',6),(411,'20:07:42','2015-02-17',0.9568,0.769476,1,0,'/work/pics/pending/all','Nor1-009-Moss-campion-Besseggen-Ridge-Trail.jpg',6),(412,'20:07:43','2015-02-17',0.2471,0.038221,1,1,'/work/pics/pending/all','normal_001-silene-acaulis.jpg',6),(413,'20:07:43','2015-02-17',0.3154,0.405534,1,0,'/work/pics/pending/all','NorwegenInfoPflanzenBlLeimkrautStengel01.jpg',6),(414,'20:07:44','2015-02-17',0.0378,0.473104,1,0,'/work/pics/pending/all','One-flowered-Cinquefoil-Potentilla-uniflora-Moss-Campion-Silene-acaulis.jpg',6),(415,'20:07:54','2015-02-17',0.9933,0.000764,1,0,'/work/pics/pending/all','p1020669.jpg',6),(416,'20:08:17','2015-02-17',0.2207,0.110069,1,1,'/work/pics/pending/all','P1030551.jpg',6),(417,'20:08:28','2015-02-17',0.7131,0.038129,0,1,'/work/pics/pending/all','P1040377.jpg',6),(418,'20:08:29','2015-02-17',0.4843,0.795593,0,1,'/work/pics/pending/all','P1040494-S.jpg',6),(419,'20:08:29','2015-02-17',0.0761,0.246023,1,1,'/work/pics/pending/all','P1140652.JPG',6),(420,'20:08:29','2015-02-17',0.5445,0.502662,1,0,'/work/pics/pending/all','P1150409.JPG',6),(421,'20:08:31','2015-02-17',0.0238,0.322044,0,0,'/work/pics/pending/all','P1330749.JPG',6),(422,'20:08:31','2015-02-17',0.4316,0.504247,0,1,'/work/pics/pending/all','p13410736-3.jpg',6),(423,'20:08:32','2015-02-17',0.5530,0.926262,1,0,'/work/pics/pending/all','P6243535.jpg',6),(424,'20:08:32','2015-02-17',0.0959,0.482458,0,0,'/work/pics/pending/all','p6260167.jpg',6),(425,'20:08:48','2015-02-17',0.7565,0.007315,1,1,'/work/pics/pending/all','P7080045.jpg',6),(426,'20:08:51','2015-02-17',0.0754,0.883440,0,0,'/work/pics/pending/all','PAllioniwildcollectedDSCN4894.jpg',6),(427,'20:08:52','2015-02-17',0.8972,0.711994,0,1,'/work/pics/pending/all','P_all_Jenny.jpg',6),(428,'20:08:53','2015-02-17',0.6442,0.912628,0,0,'/work/pics/pending/all','P_all_MrsD.jpg',6),(429,'20:08:53','2015-02-17',0.7508,0.523524,0,1,'/work/pics/pending/all','Pangustifolia2.jpg',6),(430,'20:08:54','2015-02-17',0.1202,0.590073,0,1,'/work/pics/pending/all','Pangustifolia.jpg',6),(431,'20:08:54','2015-02-17',0.4335,0.064781,1,0,'/work/pics/pending/all','parker-ridge-trail.jpg',6),(432,'20:08:54','2015-02-17',0.8499,0.556216,0,1,'/work/pics/pending/all','paronychia6_4_3.jpg',6),(433,'20:08:55','2015-02-17',0.1091,0.916154,0,0,'/work/pics/pending/all','ParonychiaJamesii2.jpg',6),(434,'20:08:56','2015-02-17',0.8682,0.392213,0,1,'/work/pics/pending/all','Paronychia_jamesii_ALS__7705.jpg',6),(435,'20:08:56','2015-02-17',0.4915,0.746919,0,0,'/work/pics/pending/all','Paronychiajamesii_ALS_7706.jpg',6),(436,'20:08:56','2015-02-17',0.5967,0.933959,0,0,'/work/pics/pending/all','ParonychiaJamesiii.jpg',6),(437,'20:08:57','2015-02-17',0.3700,0.566692,0,0,'/work/pics/pending/all','paronychiajamesii.jpg',6),(438,'20:08:58','2015-02-17',0.7631,0.875429,0,0,'/work/pics/pending/all','Paronychia_pulvinata_ALS_3753.jpg',6),(439,'20:08:58','2015-02-17',0.3354,0.986436,0,1,'/work/pics/pending/all','Paronychia_pulvinata_ALS_9100.jpg',6),(440,'20:08:58','2015-02-17',0.7628,0.587522,0,0,'/work/pics/pending/all','parry-primrose-primula-parryi.jpg',6),(441,'20:08:59','2015-02-17',0.6444,0.285104,0,0,'/work/pics/pending/all','pDSCN11305.jpg',6),(442,'20:09:00','2015-02-17',0.4316,0.525880,1,1,'/work/pics/pending/all','PIC013-L.jpg',6),(443,'20:09:01','2015-02-17',0.4666,0.674964,0,0,'/work/pics/pending/all','pink_primula_800.jpg',6),(444,'20:09:01','2015-02-17',0.7856,0.623513,0,1,'/work/pics/pending/all','PMP_4167.jpg_201011791945_PMP_4167.jpg',6),(445,'20:09:02','2015-02-17',0.4703,0.787677,0,1,'/work/pics/pending/all','post-12150-1386190772.jpg',6),(446,'20:09:03','2015-02-17',0.4701,0.060666,0,0,'/work/pics/pending/all','post-13249-1378167234.jpg',6),(447,'20:09:04','2015-02-17',0.0699,0.371985,0,0,'/work/pics/pending/all','post-13249-1378167294.jpg',6),(448,'20:09:04','2015-02-17',0.2338,0.048783,0,0,'/work/pics/pending/all','post-656-0-51803700-1327787862.jpg',6),(449,'20:09:05','2015-02-17',0.4363,0.819808,0,0,'/work/pics/pending/all','pri_da_1.jpg',6),(450,'20:09:05','2015-02-17',0.8719,0.974666,0,1,'/work/pics/pending/all','prigloemb.jpg',6),(451,'20:09:06','2015-02-17',0.5282,0.486055,0,0,'/work/pics/pending/all','Primevereprimulaceaeprimulavulgaris.JPG',6),(452,'20:09:07','2015-02-17',0.6006,0.998957,0,0,'/work/pics/pending/all','prim.jpg',6),(453,'20:09:08','2015-02-17',0.3335,0.683585,0,1,'/work/pics/pending/all','primrose-parrys-primula-parryi-cloud-peak-wilderness.jpg',6),(454,'20:09:17','2015-02-17',0.9581,0.128070,0,1,'/work/pics/pending/all','primrose-parrys-primula-parryi-eagles-nest-wilderness.jpg',6),(455,'20:09:29','2015-02-17',0.2359,0.958815,0,1,'/work/pics/pending/all','primrosesierra01.jpg',6),(456,'20:09:30','2015-02-17',0.1214,0.305032,0,0,'/work/pics/pending/all','primula22.jpg',6),(457,'20:09:30','2015-02-17',0.8447,0.251254,0,1,'/work/pics/pending/all','primula2.jpg',6),(458,'20:09:30','2015-02-17',0.3102,0.252525,0,0,'/work/pics/pending/all','Primula34.JPG',6),(459,'20:09:31','2015-02-17',0.7047,0.513836,0,0,'/work/pics/pending/all','PrimulaabchasicaandChionodoxaDSCN0042.JPG',6),(460,'20:09:33','2015-02-17',0.6752,0.236048,0,0,'/work/pics/pending/all','PrimulaallioniiPerkieexjcaJPG.jpg',6),(461,'20:09:33','2015-02-17',0.8580,0.188993,0,1,'/work/pics/pending/all','primula-androsace-spinulifera-perhaps-30703.jpg',6),(462,'20:09:48','2015-02-17',0.6498,0.412442,0,0,'/work/pics/pending/all','primula_angustifolia.jpg',6),(463,'20:09:48','2015-02-17',0.2403,0.817797,0,0,'/work/pics/pending/all','Primulaangustifolia.png',6),(464,'20:09:48','2015-02-17',0.2902,0.601112,0,0,'/work/pics/pending/all','Primulaangustifolia_PRI_2639.jpg',6),(465,'20:09:49','2015-02-17',0.3933,0.548001,0,0,'/work/pics/pending/all','Primulaangustifolia_PRI_9066.jpg',6),(466,'20:09:49','2015-02-17',0.9083,0.052973,1,0,'/work/pics/pending/all','primula-catchfly-117427_640.jpg',6),(467,'20:09:49','2015-02-17',0.9203,0.026696,0,0,'/work/pics/pending/all','primula_chionantha_ssp_melanops.jpg',6),(468,'20:09:50','2015-02-17',0.8954,0.837258,0,1,'/work/pics/pending/all','Primula_denticulata_Sakhalin_3.JPG',6),(469,'20:10:03','2015-02-17',0.7084,0.989937,0,1,'/work/pics/pending/all','Primuladeuteronanagos141.jpg',6),(470,'20:10:03','2015-02-17',0.9227,0.289216,0,1,'/work/pics/pending/all','primula-elatior-crescendo-blue-shades-u4040-4.jpg',6),(471,'20:10:04','2015-02-17',0.8485,0.860061,0,1,'/work/pics/pending/all','PrimulaellisiaeMay122010455.jpg',6),(472,'20:10:06','2015-02-17',0.8315,0.728332,0,1,'/work/pics/pending/all','primula-farinosa-00016.jpg',6),(473,'20:10:06','2015-02-17',0.4705,0.027184,0,0,'/work/pics/pending/all','Primula_farinosa_flowers_100704.jpg',6),(474,'20:10:08','2015-02-17',0.3458,0.461260,0,0,'/work/pics/pending/all','Primula_farinosa_khangai.jpg',6),(475,'20:10:09','2015-02-17',0.9041,0.537228,0,1,'/work/pics/pending/all','primula-flower_26.jpg',6),(476,'20:10:09','2015-02-17',0.7200,0.295274,0,1,'/work/pics/pending/all','primula-flower_30.jpg',6),(477,'20:10:10','2015-02-17',0.5813,0.150276,0,0,'/work/pics/pending/all','Primula,_from_Riza_DSC071156565.JPG',6),(478,'20:10:16','2015-02-17',0.5618,0.008020,0,1,'/work/pics/pending/all','Primulafrondosa.JPG',6),(479,'20:10:18','2015-02-17',0.1997,0.041365,0,0,'/work/pics/pending/all','primula_japonica_candelabra_primrose_japanese_cowslip_flowers_23-05-04_2.jpg',6),(480,'20:10:18','2015-02-17',0.2640,0.093258,0,0,'/work/pics/pending/all','primula-japonica-detail.jpg',6),(481,'20:10:19','2015-02-17',0.8145,0.982761,0,1,'/work/pics/pending/all','Primula_japonica.jpg',6),(482,'20:10:20','2015-02-17',0.7340,0.853233,0,0,'/work/pics/pending/all','primula.jpg',6),(483,'20:10:20','2015-02-17',0.3641,0.702906,0,0,'/work/pics/pending/all','Primulajuliae0002.jpg',6),(484,'20:10:20','2015-02-17',0.4144,0.917850,0,0,'/work/pics/pending/all','primula-juliae-003.jpg',6),(485,'20:10:22','2015-02-17',0.7824,0.392642,0,1,'/work/pics/pending/all','Primula-kisoana-002.jpg',6),(486,'20:10:25','2015-02-17',0.1000,0.665564,0,1,'/work/pics/pending/all','primula-kisoana-12-15-2010-3-35-06-pm-4-6-2010-9-15-11-am.jpg',6),(487,'20:10:26','2015-02-17',0.0651,0.484365,0,0,'/work/pics/pending/all','Primula_kisoana_5.jpg',6),(488,'20:10:26','2015-02-17',0.7507,0.994371,0,0,'/work/pics/pending/all','primula-kisoana.jpg',6),(489,'20:10:27','2015-02-17',0.4255,0.442939,0,0,'/work/pics/pending/all','primulakisoana.jpg',6),(490,'20:10:27','2015-02-17',0.3544,0.799772,0,0,'/work/pics/pending/all','primula_kisoana_pink.jpg',6),(491,'20:10:28','2015-02-17',0.0211,0.609879,0,0,'/work/pics/pending/all','Primula-kisoana-Velvet-primrose.jpg',6),(492,'20:10:28','2015-02-17',0.0756,0.656479,0,0,'/work/pics/pending/all','Primula-malacoides.jpg',6),(493,'20:10:28','2015-02-17',0.4494,0.682654,0,1,'/work/pics/pending/all','Primula_Millers_Crimson.jpg',6),(494,'20:10:28','2015-02-17',0.0393,0.679035,0,1,'/work/pics/pending/all','primulamillers.jpg',6),(495,'20:10:29','2015-02-17',0.2361,0.450225,0,1,'/work/pics/pending/all','PrimulaObconica_lg.jpg',6),(496,'20:10:29','2015-02-17',0.7882,0.549856,0,1,'/work/pics/pending/all','Primulaparrkyi.jpg',6),(497,'20:10:30','2015-02-17',0.1222,0.767911,0,0,'/work/pics/pending/all','primula-parryi1.jpg',6),(498,'20:10:30','2015-02-17',0.0169,0.665270,0,0,'/work/pics/pending/all','Primula_parryi_1.jpg',6),(499,'20:10:39','2015-02-17',0.1071,0.296478,0,0,'/work/pics/pending/all','Primulaparryi2.jpg',6),(500,'20:10:39','2015-02-17',0.1355,0.974334,0,0,'/work/pics/pending/all','PrimulaParryi31jul2010_lg.jpg',6),(501,'20:10:40','2015-02-17',0.5518,0.394878,0,0,'/work/pics/pending/all','Primulaparryi3.jpg',6),(502,'20:10:42','2015-02-17',0.2266,0.927132,0,1,'/work/pics/pending/all','Primula_parryi-Alplains.jpg',6),(503,'20:10:42','2015-02-17',0.6359,0.541056,0,0,'/work/pics/pending/all','PrimulaParryiBloomingtonLake.jpg',6),(504,'20:10:42','2015-02-17',0.7461,0.531041,0,1,'/work/pics/pending/all','Primula-parryi-detail-copy.jpg',6),(505,'20:10:42','2015-02-17',0.8609,0.766013,0,0,'/work/pics/pending/all','Primula_parryi_flora.jpg',6),(506,'20:10:48','2015-02-17',0.5193,0.548190,0,1,'/work/pics/pending/all','Primula-parryi-Fweb-8-1-0.jpg',6),(507,'20:10:49','2015-02-17',0.3891,0.195940,0,1,'/work/pics/pending/all','Primulaparryihabit20June071248p675x.jpg',6),(508,'20:10:49','2015-02-17',0.1947,0.817458,0,0,'/work/pics/pending/all','Primulaparryiinfl20June071248p700x.jpg',6),(509,'20:10:50','2015-02-17',0.4930,0.019771,0,1,'/work/pics/pending/all','Primula-parryi.jpg',6),(510,'20:10:50','2015-02-17',0.6786,0.362263,0,1,'/work/pics/pending/all','Primulaparryi.jpg',6),(511,'20:10:50','2015-02-17',0.0434,0.313523,0,0,'/work/pics/pending/all','Primula_parryi.JPG',6),(512,'20:10:57','2015-02-17',0.4308,0.384305,0,0,'/work/pics/pending/all','primula_parryik.jpg',6),(513,'20:10:57','2015-02-17',0.9639,0.200834,0,0,'/work/pics/pending/all','Primula_parryi_l.jpg',6),(514,'20:11:04','2015-02-17',0.1722,0.192725,0,0,'/work/pics/pending/all','Primula_parryi_pin_flower.jpg',6),(515,'20:11:07','2015-02-17',0.9955,0.402456,0,0,'/work/pics/pending/all','Primulaparryi_Primulaceae_ParrysPrimrose_2.jpg',6),(516,'20:11:08','2015-02-17',0.1682,0.376558,0,1,'/work/pics/pending/all','Primulaparryi_Primulaceae_ParrysPrimrose_4.jpg',6),(517,'20:11:08','2015-02-17',0.9989,0.702948,0,1,'/work/pics/pending/all','Primulaparryi_Primulaceae_ParrysPrimrose_.jpg',6),(518,'20:11:08','2015-02-17',0.7397,0.593683,0,1,'/work/pics/pending/all','Primula_parryi_rock_gdn_April_2002_Patx.jpg',6),(519,'20:11:08','2015-02-17',0.1812,0.529448,0,0,'/work/pics/pending/all','Primulapoissonii.jpg',6),(520,'20:11:09','2015-02-17',0.8504,0.690803,0,1,'/work/pics/pending/all','primula-pulverulenta-flower.jpg',6),(521,'20:11:18','2015-02-17',0.0514,0.780151,0,0,'/work/pics/pending/all','PrimulaRusbyi.jpg',6),(522,'20:11:18','2015-02-17',0.7087,0.444451,0,0,'/work/pics/pending/all','primula-rusbyi-may-24-2011.jpg',6),(523,'20:11:26','2015-02-17',0.2844,0.657034,0,1,'/work/pics/pending/all','primulas-and-others-020.jpg',6),(524,'20:11:26','2015-02-17',0.1750,0.375552,0,1,'/work/pics/pending/all','Primulascotica.JPG',6),(525,'20:11:28','2015-02-17',0.1422,0.942012,0,0,'/work/pics/pending/all','primula-sieboldii-seneca-stari-9702.s-62961r-02.jpg',6),(526,'20:11:28','2015-02-17',0.0392,0.112398,0,1,'/work/pics/pending/all','Primulas_Primula_Obconica_Libre_TM_Fuchsia-1medium.jpg',6),(527,'20:11:28','2015-02-17',0.3101,0.862662,0,1,'/work/pics/pending/all','primulaSuffCU.jpg',6),(528,'20:11:29','2015-02-17',0.6949,0.754578,0,0,'/work/pics/pending/all','primulat.jpg',6),(529,'20:11:29','2015-02-17',0.5950,0.414528,0,0,'/work/pics/pending/all','Primula_tosaensis_flower.jpg',6),(530,'20:11:32','2015-02-17',0.5078,0.787267,0,1,'/work/pics/pending/all','primula-tschuktschorum-arcita_5772.jpg',6),(531,'20:11:32','2015-02-17',0.8518,0.070389,0,0,'/work/pics/pending/all','PrimulaturkestanicaAlmaty.jpg',6),(532,'20:11:33','2015-02-17',0.4471,0.455448,0,1,'/work/pics/pending/all','Primula-Wanda1.jpg',6),(533,'20:11:34','2015-02-17',0.6587,0.666333,0,0,'/work/pics/pending/all','primula_x_polyantha_polyanthus_garden_hybrid_mauve_flowers_23-04-07.jpg',6),(534,'20:11:34','2015-02-17',0.6505,0.179862,0,1,'/work/pics/pending/all','prpa_005_php.jpg',6),(535,'20:11:38','2015-02-17',0.6954,0.816291,0,1,'/work/pics/pending/all','p_rusbyi.jpg',6),(536,'20:11:39','2015-02-17',0.0375,0.267748,1,1,'/work/pics/pending/all','RBG10-3624.JPG',6),(537,'20:11:40','2015-02-17',0.8049,0.293602,0,0,'/work/pics/pending/all','RockyMountainNailwortParonychiapulvinata.JPG',6),(538,'20:11:41','2015-02-17',0.1982,0.264324,0,1,'/work/pics/pending/all','rostlinny-endemismus-a-endemity-ceske-kveteny-14.jpg',6),(539,'20:11:41','2015-02-17',0.8936,0.241769,0,1,'/work/pics/pending/all','rtw_minuartia_glabra_2.jpg',6),(540,'20:11:41','2015-02-17',0.2131,0.369277,1,0,'/work/pics/pending/all','S6210005MoCa.jpg',6),(541,'20:11:42','2015-02-17',0.3869,0.637788,0,1,'/work/pics/pending/all','sandwort.jpg',6),(542,'20:11:44','2015-02-17',0.0361,0.524720,0,0,'/work/pics/pending/all','SANY0676_800x600.JPG',6),(543,'20:11:44','2015-02-17',0.9700,0.472715,0,0,'/work/pics/pending/all','ScreenShot2014-05-05at120704PM.png',6),(544,'20:11:45','2015-02-17',0.1239,0.295608,0,0,'/work/pics/pending/all','sierra-primrose2.jpg',6),(545,'20:11:45','2015-02-17',0.1567,0.171037,0,1,'/work/pics/pending/all','sierra_primrose_by_sellsworth-d46gv1n.jpg',6),(546,'20:11:45','2015-02-17',0.8187,0.189907,0,1,'/work/pics/pending/all','Sierraprimrose_EMLL_B066.JPG',6),(547,'20:11:47','2015-02-17',0.9808,0.461519,0,1,'/work/pics/pending/all','SierraPrimrose.jpg',6),(548,'20:11:48','2015-02-17',0.7918,0.555086,0,0,'/work/pics/pending/all','SierraPrimrosePrimulauffrutescens_EMLL140.JPG',6),(549,'20:11:49','2015-02-17',0.0256,0.421601,1,0,'/work/pics/pending/all','SILAMS.jpg',6),(550,'20:11:50','2015-02-17',0.7152,0.753498,1,1,'/work/pics/pending/all','Silenacaulis3.JPG',6),(551,'20:11:50','2015-02-17',0.4231,0.408576,0,1,'/work/pics/pending/all','Silene20acaulis20and20Saxifraga20crustata201-S.jpg',6),(552,'20:11:51','2015-02-17',0.3456,0.904899,1,0,'/work/pics/pending/all','silene_acaule_2498.jpg',6),(553,'20:11:51','2015-02-17',0.4724,0.286799,1,1,'/work/pics/pending/all','Sileneacaule.jpg',6),(554,'20:11:51','2015-02-17',0.6980,0.154967,1,0,'/work/pics/pending/all','Silene-acaule-Silene-acaulis-1.jpg',6),(555,'20:11:53','2015-02-17',0.5496,0.344771,1,1,'/work/pics/pending/all','Silene-acaule-Silene-acaulis-2.jpg',6),(556,'20:11:56','2015-02-17',0.3089,0.629741,1,1,'/work/pics/pending/all','Silene_acaule_-_Silene_acaulis.jpg',6),(557,'20:11:59','2015-02-17',0.7824,0.198481,1,1,'/work/pics/pending/all','silene_acaulis01.jpg',6),(558,'20:11:59','2015-02-17',0.8986,0.755701,1,0,'/work/pics/pending/all','sileneacaulis01.jpg',6),(559,'20:11:59','2015-02-17',0.7707,0.830192,1,0,'/work/pics/pending/all','Sileneacaulis01.JPG',6),(560,'20:12:00','2015-02-17',0.6056,0.357380,1,0,'/work/pics/pending/all','Silene_acaulis_10vii7_5882Gr.jpg',6),(561,'20:12:01','2015-02-17',0.7319,0.973984,1,1,'/work/pics/pending/all','silene-acaulis-1.jpg',6),(562,'20:12:01','2015-02-17',0.4044,0.873534,1,0,'/work/pics/pending/all','silene-acaulis1.jpg',6),(563,'20:12:01','2015-02-17',0.1949,0.869621,1,1,'/work/pics/pending/all','Silene_acaulis1.jpg',6),(564,'20:12:01','2015-02-17',0.3782,0.019575,1,0,'/work/pics/pending/all','silene-acaulis28588.jpg',6),(565,'20:12:02','2015-02-17',0.3005,0.571405,1,0,'/work/pics/pending/all','silene_acaulis_2.jpg',6),(566,'20:12:02','2015-02-17',0.6621,0.899316,1,0,'/work/pics/pending/all','silene-acaulis2.jpg',6),(567,'20:12:03','2015-02-17',0.5446,0.121230,1,0,'/work/pics/pending/all','Silene_acaulis-2.jpg',6),(568,'20:12:06','2015-02-17',0.2810,0.943209,1,1,'/work/pics/pending/all','silene_acaulis_3.jpg',6),(569,'20:12:07','2015-02-17',0.2395,0.097353,1,0,'/work/pics/pending/all','silene_acaulis_4.jpg',6),(570,'20:12:07','2015-02-17',0.4114,0.402547,1,1,'/work/pics/pending/all','silene_acaulis4.jpg',6),(571,'20:12:08','2015-02-17',0.3872,0.548572,1,0,'/work/pics/pending/all','silene--acaulis4.JPG',6),(572,'20:12:09','2015-02-17',0.4330,0.036453,0,0,'/work/pics/pending/all','Silene_acaulis5224.JPG',6),(573,'20:12:10','2015-02-17',0.3013,0.483895,1,0,'/work/pics/pending/all','silene_acaulis_5.jpg',6),(574,'20:12:10','2015-02-17',0.8542,0.893643,1,1,'/work/pics/pending/all','SileneAcaulis6_1.jpg',6),(575,'20:12:11','2015-02-17',0.2527,0.664645,1,0,'/work/pics/pending/all','silene_acaulis_7.jpg',6),(576,'20:12:11','2015-02-17',0.0682,0.344921,1,0,'/work/pics/pending/all','silene_acaulis_8.jpg',6),(577,'20:12:12','2015-02-17',0.9790,0.814779,1,0,'/work/pics/pending/all','silene_acaulis8.jpg',6),(578,'20:12:12','2015-02-17',0.5342,0.100642,1,0,'/work/pics/pending/all','Silene_acaulis_a2.jpg',6),(579,'20:12:14','2015-02-17',0.0657,0.698868,1,0,'/work/pics/pending/all','Silene_acaulis_a5.jpg',6),(580,'20:12:17','2015-02-17',0.4963,0.645059,1,0,'/work/pics/pending/all','silene-acaulisa.jpg',6),(581,'20:12:17','2015-02-17',0.5021,0.213978,1,0,'/work/pics/pending/all','Silene_acaulis_Anne_Spiegel.jpg',6),(582,'20:12:18','2015-02-17',0.1607,0.451835,1,1,'/work/pics/pending/all','Silene_acaulisb.jpg',6),(583,'20:12:18','2015-02-17',0.9965,0.789789,1,0,'/work/pics/pending/all','Sileneacauliscenisia2.jpg',6),(584,'20:12:19','2015-02-17',0.6290,0.373746,1,0,'/work/pics/pending/all','Silene-acaulis-C.jpg',6),(585,'20:12:20','2015-02-17',0.9911,0.799705,1,1,'/work/pics/pending/all','sileneacauliscloseup.jpg',6),(586,'20:12:20','2015-02-17',0.6030,0.303855,1,1,'/work/pics/pending/all','Silene-acaulis-copy.jpg',6),(587,'20:12:20','2015-02-17',0.7182,0.029496,1,0,'/work/pics/pending/all','silene_acaulis_cu_lg.jpg',6),(588,'20:12:21','2015-02-17',0.9920,0.462085,1,1,'/work/pics/pending/all','Silene-acaulis-ex-nor-1.jpg',6),(589,'20:12:21','2015-02-17',0.5788,0.501543,1,0,'/work/pics/pending/all','Silene_acaulis__fiori_montagna_1.jpg',6),(590,'20:12:22','2015-02-17',0.5199,0.622467,1,1,'/work/pics/pending/all','Silene_acaulis_Floribunda.jpg',6),(591,'20:12:22','2015-02-17',0.0707,0.800328,1,1,'/work/pics/pending/all','Sileneacaulisflower001.JPG',6),(592,'20:12:24','2015-02-17',0.2010,0.532220,1,1,'/work/pics/pending/all','Silene-acaulis-FL-web-N67tn.jpg',6),(593,'20:12:24','2015-02-17',0.8202,0.453695,1,1,'/work/pics/pending/all','Silene_acaulis_Grand_Ridge.jpg',6),(594,'20:12:24','2015-02-17',0.2016,0.308834,1,1,'/work/pics/pending/all','Silene-acaulis_gr.jpg',6),(595,'20:12:24','2015-02-17',0.6027,0.703427,1,1,'/work/pics/pending/all','silene-acaulis-ha-tscott.jpg',6),(596,'20:12:25','2015-02-17',0.0715,0.642791,1,1,'/work/pics/pending/all','sileneacaulisherb.jpg',6),(597,'20:12:26','2015-02-17',0.3211,0.126320,1,0,'/work/pics/pending/all','Silene_acaulis.JPEG',6),(598,'20:12:26','2015-02-17',0.7369,0.194643,1,1,'/work/pics/pending/all','sileneacaulis.jpg',6),(599,'20:12:26','2015-02-17',0.3133,0.991760,1,1,'/work/pics/pending/all','Silene-acaulis.jpg',6),(600,'20:12:27','2015-02-17',0.7588,0.500238,1,0,'/work/pics/pending/all','Silene_Acaulis.jpg',6),(601,'20:12:32','2015-02-17',0.0711,0.916864,1,0,'/work/pics/pending/all','Silene_acaulis_Kalk-Polsternelke.JPG',6),(602,'20:12:34','2015-02-17',0.1035,0.827125,1,0,'/work/pics/pending/all','Silene-acaulisk.jpg',6),(603,'20:12:49','2015-02-17',0.1323,0.462163,1,0,'/work/pics/pending/all','Silene_acaulis_LC0153.jpg',6),(604,'20:12:54','2015-02-17',0.4583,0.247811,1,0,'/work/pics/pending/all','sileneacaulislepnicabezodygowa2.jpg',6),(605,'20:12:55','2015-02-17',0.1378,0.122369,1,0,'/work/pics/pending/all','silene_acaulis_lg.jpg',6),(606,'20:12:55','2015-02-17',0.8702,0.539677,1,1,'/work/pics/pending/all','silene_acaulisl.jpg',6),(607,'20:12:56','2015-02-17',0.0177,0.646043,1,1,'/work/pics/pending/all','silene-acaulisl.jpg',6),(608,'20:12:56','2015-02-17',0.6249,0.917460,1,1,'/work/pics/pending/all','silene-acaulislk.jpg',6),(609,'20:12:56','2015-02-17',0.5656,0.517058,1,1,'/work/pics/pending/all','Silene-acaulis-long-1.jpg',6),(610,'20:12:57','2015-02-17',0.6058,0.042915,1,1,'/work/pics/pending/all','Silene-acaulis-long.jpg',6),(611,'20:12:57','2015-02-17',0.7378,0.238353,1,0,'/work/pics/pending/all','Silene-acaulism.jpg',6),(612,'20:12:58','2015-02-17',0.1749,0.529363,1,0,'/work/pics/pending/all','silene_acaulis_moss_campion_close_large.jpg',6),(613,'20:12:59','2015-02-17',0.0157,0.066290,1,1,'/work/pics/pending/all','silene_acaulis_moss_campion_large.jpg',6),(614,'20:12:59','2015-02-17',0.9524,0.063656,1,0,'/work/pics/pending/all','silene-acaulis-on-whistler-old-063.jpg',6),(615,'20:13:00','2015-02-17',0.6029,0.021936,1,0,'/work/pics/pending/all','silene_acaulis_PID1445-1.jpg',6),(616,'20:13:01','2015-02-17',0.6799,0.709552,1,1,'/work/pics/pending/all','Sileneacaulispinkandwhite.jpg',6),(617,'20:13:02','2015-02-17',0.9529,0.879438,1,1,'/work/pics/pending/all','Silene_acaulis_ssp_acaulis__20000612_013__AT_STMK_BadAussee_Sarstein_1950m.jpg',6),(618,'20:13:04','2015-02-17',0.6993,0.619323,1,1,'/work/pics/pending/all','Silene_acaulis_ssp_bryoides__19980813_009_AT_Tirol_SchrankogelSE_3100m.jpg',6),(619,'20:13:06','2015-02-17',0.9540,0.825342,1,0,'/work/pics/pending/all','Silene_acaulis_ssp_bryoides__2004_07_28_002_AT_Tirol_StubaierAlpen_Schrankogel_SW_2900m.jpg',6),(620,'20:13:07','2015-02-17',0.7425,0.705552,1,1,'/work/pics/pending/all','silene-acaulis-ssp-exscapa-visoflora-35758.jpg',6),(621,'20:13:09','2015-02-17',0.8496,0.822683,1,0,'/work/pics/pending/all','Silene_acaulis_subsp_acaulis__20080629_041d_IT_Abruzzo_Maiella_FemminaMorta_2400m__IMG_6283.JPG',6),(622,'20:13:21','2015-02-17',0.4374,0.213263,1,1,'/work/pics/pending/all','silene-acaulis-subsp-acaulis37137.jpg',6),(623,'20:13:21','2015-02-17',0.5620,0.517511,1,1,'/work/pics/pending/all','Silene_acaulis_upernavik_2007_07_12_1.jpg',6),(624,'20:13:24','2015-02-17',0.4059,0.058759,1,0,'/work/pics/pending/all','silene-acaulis-visoflora-7567.jpg',6),(625,'20:13:25','2015-02-17',0.2309,0.827550,1,1,'/work/pics/pending/all','silene_acaulisv.jpg',6),(626,'20:13:26','2015-02-17',0.2508,0.795203,1,0,'/work/pics/pending/all','Silene-acaulisz.jpg',6),(627,'20:13:26','2015-02-17',0.8063,0.731200,1,1,'/work/pics/pending/all','sileneacaul.jpg',6),(628,'20:13:26','2015-02-17',0.1944,0.998625,1,1,'/work/pics/pending/all','silene-acualis-ev1.jpg',6),(629,'20:13:27','2015-02-17',0.5972,0.976154,1,1,'/work/pics/pending/all','Sileneacualis.JPG',6),(630,'20:13:28','2015-02-17',0.2531,0.933937,1,1,'/work/pics/pending/all','sileneacudfsdjskd.JPG',6),(631,'20:13:29','2015-02-17',0.6098,0.118674,1,1,'/work/pics/pending/all','Silene-exscapa-3.jpg',6),(632,'20:13:30','2015-02-17',0.0698,0.458867,1,1,'/work/pics/pending/all','silene.jpg',6),(633,'20:13:31','2015-02-17',0.8773,0.234334,1,1,'/work/pics/pending/all','silenka-bezlodyzna-silene-acaulis-949.jpg',6),(634,'20:13:31','2015-02-17',0.1300,0.092096,0,1,'/work/pics/pending/all','sizedMinuartiaattica16553.JPG',6),(635,'20:13:32','2015-02-17',0.2998,0.497594,0,1,'/work/pics/pending/all','sizedPrimulaallioniiPerkie2009-04-048594.JPG',6),(636,'20:13:32','2015-02-17',0.8302,0.648992,0,0,'/work/pics/pending/all','sizedPrimulaangustifolia229182.JPG',6),(637,'20:13:33','2015-02-17',0.0421,0.054973,0,0,'/work/pics/pending/all','sizedPrimulacortusioides18903.jpg',6),(638,'20:13:33','2015-02-17',0.4056,0.076619,0,0,'/work/pics/pending/all','sizedPrimulaparryi30051013989.JPG',6),(639,'20:13:33','2015-02-17',0.3872,0.052621,0,0,'/work/pics/pending/all','sizedPrimulaparryiHorseshoeclose24765.jpg',6),(640,'20:13:34','2015-02-17',0.6958,0.864034,0,1,'/work/pics/pending/all','sizedPrimulapetiolaris3248.JPG',6),(641,'20:13:34','2015-02-17',0.1941,0.372789,1,1,'/work/pics/pending/all','sizedsizedWeb_700_pix_Silene_avaulis_Mt_Snowdon_Wessex_Water_best_novice__Pauline_CarlessTewkesbury_Show__13_7_13_Raw_edit_IMG_2944_129772.jpg',6),(642,'20:13:35','2015-02-17',0.2387,0.871067,0,1,'/work/pics/pending/all','sld_flora_minuartia_verna_de.jpg',6),(643,'20:13:35','2015-02-17',0.6434,0.730466,0,1,'/work/pics/pending/all','SpolocenstvosMinuartiafrutescens.JPG',6),(644,'20:13:35','2015-02-17',0.0264,0.575848,0,0,'/work/pics/pending/all','spring_sandwort_6002.jpg',6),(645,'20:13:36','2015-02-17',0.0104,0.996412,0,1,'/work/pics/pending/all','SpringSandwort.jpg',6),(646,'20:13:37','2015-02-17',0.2927,0.958168,1,1,'/work/pics/pending/all','Stangelloses_Leimkraut.jpg',6),(647,'20:13:37','2015-02-17',0.0949,0.658511,1,0,'/work/pics/pending/all','stengelloses_Leimkraut600aw2.jpg',6),(648,'20:13:37','2015-02-17',0.9164,0.888376,1,0,'/work/pics/pending/all','StengellosesLeimkrautSileneacaulis.jpg',6),(649,'20:13:53','2015-02-17',0.2332,0.523011,0,0,'/work/pics/pending/all','suffrutescensCW2.jpg',6),(650,'20:13:54','2015-02-17',0.6364,0.477488,1,0,'/work/pics/pending/all','tatry10.JPG',6),(651,'20:13:54','2015-02-17',0.4602,0.600820,0,0,'/work/pics/pending/all','TIB_3187c.jpg',6),(652,'20:13:54','2015-02-17',0.0445,0.616723,1,1,'/work/pics/pending/all','TNP_0288camp9ElmHillMinuartia9085.jpg',6),(653,'20:14:04','2015-02-17',0.9824,0.203118,1,1,'/work/pics/pending/all','Trail20Ridge20Road20196-X2.jpg',6),(654,'20:14:06','2015-02-17',0.6249,0.009723,0,0,'/work/pics/pending/all','TrailRidgeRoad201-X2.jpg',6),(655,'20:14:07','2015-02-17',0.4947,0.360171,0,1,'/work/pics/pending/all','tzlalit_hakilaim.jpg',6),(656,'20:14:07','2015-02-17',0.3668,0.049996,0,0,'/work/pics/pending/all','vasquez_pass10.jpg',6),(657,'20:14:08','2015-02-17',0.4847,0.112126,1,1,'/work/pics/pending/all','Viola-alpina.jpg',6),(658,'20:14:08','2015-02-17',0.0045,0.212331,1,1,'/work/pics/pending/all','_vyr_181Silene-acaulis-1.jpg',6),(659,'20:14:09','2015-02-17',0.7256,0.126123,0,0,'/work/pics/pending/all','Wildflower-1.jpg',6),(660,'20:14:09','2015-02-17',0.1705,0.939192,1,1,'/work/pics/pending/all','x-Flora-MossCampion1x.jpg',6),(661,'20:14:10','2015-02-17',0.7820,0.047073,1,1,'/work/pics/pending/all','zfj013.jpg',6),(679,'11:04:00','2015-03-08',12.4200,3.320000,NULL,NULL,'/work/pics/pending/all','testpicture.jpg',5),(680,'11:04:00','2015-03-08',12.4200,3.320000,NULL,NULL,'/work/pics/pending/all','AndroidDevice_0_testpicture.jpg',5),(681,'10:45:12','2015-03-14',111.0000,111.000000,NULL,NULL,'/work/pics/pending/all','JPEG_20150314_104504_-1492786963.jpg',7),(682,'11:04:00','2015-03-08',2.2030,3.320000,NULL,NULL,'/work/pics/pending/all','AndroidDevice_1_testpicture.jpg',8),(683,'11:04:00','2015-03-08',2.2030,3.320000,NULL,NULL,'/work/pics/pending/all','filename.jpg',9),(684,'11:04:00','2015-03-08',2.2030,3.320000,NULL,NULL,'/work/pics/pending/all','iOS_0_filename.jpg',9),(685,'11:04:00','2015-03-08',2.2030,3.320000,NULL,NULL,'/work/pics/pending/all','iOS_1_filename.jpg',9),(686,'11:04:00','2015-03-08',2.2030,3.320000,NULL,NULL,'/work/pics/pending/all','iOS_2_filename.jpg',9),(687,'11:04:00','2015-03-08',2.2030,3.320000,NULL,NULL,'/work/pics/pending/all','iOS_3_filename.jpg',10),(688,'00:18:17','2015-04-06',39.5048,-105.312698,NULL,NULL,'/work/pics/pending/all','JPEG_20150406_001752_-1640902641.jpg',11),(689,'00:18:17','2015-04-06',39.5048,-105.312698,NULL,NULL,'/work/pics/pending/all','AndroidPhone_0_JPEG_20150406_001752_-1640902641.jpg',11),(690,'18:12:25','2015-04-07',40.0072,-105.267403,NULL,NULL,'/work/pics/pending/all','JPEG_20150407_181109_1292720358.jpg',12),(691,'18:12:25','2015-04-07',40.0072,-105.267403,NULL,NULL,'/work/pics/pending/all','AndroidPhone_0_JPEG_20150407_181109_1292720358.jpg',12),(692,'13:02:00','2015-04-09',40.0171,-105.265778,NULL,NULL,'/work/pics/pending/all','JPEG_20150409_130111_1005148384.jpg',12),(693,'14:22:04','2015-04-06',40.1413,-105.152039,NULL,NULL,'/work/pics/pending/all','JPEG_20150406_142156_-1698070790.jpg',13);
/*!40000 ALTER TABLE `observations` ENABLE KEYS */;
UNLOCK TABLES;

--
-- Table structure for table `testresults`
--

DROP TABLE IF EXISTS `testresults`;
/*!40101 SET @saved_cs_client     = @@character_set_client */;
/*!40101 SET character_set_client = utf8 */;
CREATE TABLE `testresults` (
  `TestID` int(11) NOT NULL AUTO_INCREMENT,
  `XMLID` int(11) NOT NULL,
  `ProbCorrectID` float(6,5) DEFAULT NULL,
  `PerFalsePos` float(6,5) DEFAULT NULL,
  `PerFalseNeg` float(6,5) DEFAULT NULL,
  `PerUnknowns` float(6,5) DEFAULT NULL,
  PRIMARY KEY (`TestID`),
  KEY `XMLID` (`XMLID`),
  CONSTRAINT `testresults_ibfk_1` FOREIGN KEY (`XMLID`) REFERENCES `xmldata` (`XMLID`)
) ENGINE=InnoDB DEFAULT CHARSET=latin1;
/*!40101 SET character_set_client = @saved_cs_client */;

--
-- Dumping data for table `testresults`
--

LOCK TABLES `testresults` WRITE;
/*!40000 ALTER TABLE `testresults` DISABLE KEYS */;
/*!40000 ALTER TABLE `testresults` ENABLE KEYS */;
UNLOCK TABLES;

--
-- Table structure for table `tests`
--

DROP TABLE IF EXISTS `tests`;
/*!40101 SET @saved_cs_client     = @@character_set_client */;
/*!40101 SET character_set_client = utf8 */;
CREATE TABLE `tests` (
  `TestID` int(11) NOT NULL,
  `ObsID` int(11) NOT NULL,
  KEY `TestID` (`TestID`),
  KEY `ObsID` (`ObsID`),
  CONSTRAINT `tests_ibfk_1` FOREIGN KEY (`TestID`) REFERENCES `testresults` (`TestID`),
  CONSTRAINT `tests_ibfk_2` FOREIGN KEY (`ObsID`) REFERENCES `observations` (`ObsID`)
) ENGINE=InnoDB DEFAULT CHARSET=latin1;
/*!40101 SET character_set_client = @saved_cs_client */;

--
-- Dumping data for table `tests`
--

LOCK TABLES `tests` WRITE;
/*!40000 ALTER TABLE `tests` DISABLE KEYS */;
/*!40000 ALTER TABLE `tests` ENABLE KEYS */;
UNLOCK TABLES;

--
-- Table structure for table `training`
--

DROP TABLE IF EXISTS `training`;
/*!40101 SET @saved_cs_client     = @@character_set_client */;
/*!40101 SET character_set_client = utf8 */;
CREATE TABLE `training` (
  `ObjectID` int(11) NOT NULL,
  `XMLID` int(11) NOT NULL,
  KEY `ObjectID` (`ObjectID`),
  KEY `XMLID` (`XMLID`),
  CONSTRAINT `training_ibfk_1` FOREIGN KEY (`ObjectID`) REFERENCES `detection_objects` (`ObjectID`),
  CONSTRAINT `training_ibfk_2` FOREIGN KEY (`XMLID`) REFERENCES `xmldata` (`XMLID`)
) ENGINE=InnoDB DEFAULT CHARSET=latin1;
/*!40101 SET character_set_client = @saved_cs_client */;

--
-- Dumping data for table `training`
--

LOCK TABLES `training` WRITE;
/*!40000 ALTER TABLE `training` DISABLE KEYS */;
/*!40000 ALTER TABLE `training` ENABLE KEYS */;
UNLOCK TABLES;

--
-- Table structure for table `users`
--

DROP TABLE IF EXISTS `users`;
/*!40101 SET @saved_cs_client     = @@character_set_client */;
/*!40101 SET character_set_client = utf8 */;
CREATE TABLE `users` (
  `UserId` int(11) NOT NULL AUTO_INCREMENT,
  `Username` varchar(64) NOT NULL,
  `FirstName` varchar(32) DEFAULT NULL,
  `LastName` varchar(32) DEFAULT NULL,
  `Password` varchar(128) NOT NULL,
  `Email` varchar(64) DEFAULT NULL,
  `Type` enum('admin','developer','normal','subadmin') DEFAULT 'normal',
  PRIMARY KEY (`UserId`)
) ENGINE=InnoDB AUTO_INCREMENT=7 DEFAULT CHARSET=latin1;
/*!40101 SET character_set_client = @saved_cs_client */;

--
-- Dumping data for table `users`
--

LOCK TABLES `users` WRITE;
/*!40000 ALTER TABLE `users` DISABLE KEYS */;
INSERT INTO `users` VALUES (1,'avgJoe','Joe','Buck','pbkdf2:sha1:1000$XPLbSHXp$2d28fa476790194392446b189885a4a44be916e9','avgJoe@luminousid.com','normal'),(2,'lambentfox','Brian','Bauer','pbkdf2:sha1:1000$NaqWqJiz$9535371119fa536df21cf06f936a18e458e8d238','brian.bauer@colorado.edu','developer'),(3,'','','','pbkdf2:sha1:1000$aCgKgdY7$8eb1281fd7eb46b0d9fac60190442e06326daf36','','normal'),(4,'jamie','Jamie','Miller','pbkdf2:sha1:1000$Quu6n9BS$b85eb0d076e025191474d9f9e42a59d8d45b0495','jamie.miller@colorado.edu','developer'),(5,'jacob.rail','Jacob','Rail','pbkdf2:sha1:1000$hPeIj92F$93c37c1b1eeb49964d0c75a4fde53dcf7e2d60d7','jacob.rail49@gmail.com','developer'),(6,'aardevarken','Morgan','Garske','pbkdf2:sha1:1000$JeY5bziM$be01386778685613cf8afad46a4c01b9436d2084','aardevarken@gmail.com','developer');
/*!40000 ALTER TABLE `users` ENABLE KEYS */;
UNLOCK TABLES;

--
-- Table structure for table `validplants`
--

DROP TABLE IF EXISTS `validplants`;
/*!40101 SET @saved_cs_client     = @@character_set_client */;
/*!40101 SET character_set_client = utf8 */;
CREATE TABLE `validplants` (
  `ScientificName` varchar(32) NOT NULL,
  `PlantName` varchar(32) DEFAULT NULL,
  `Description` blob,
  PRIMARY KEY (`ScientificName`)
) ENGINE=InnoDB DEFAULT CHARSET=latin1;
/*!40101 SET character_set_client = @saved_cs_client */;

--
-- Dumping data for table `validplants`
--

LOCK TABLES `validplants` WRITE;
/*!40000 ALTER TABLE `validplants` DISABLE KEYS */;
/*!40000 ALTER TABLE `validplants` ENABLE KEYS */;
UNLOCK TABLES;

--
-- Table structure for table `xmldata`
--

DROP TABLE IF EXISTS `xmldata`;
/*!40101 SET @saved_cs_client     = @@character_set_client */;
/*!40101 SET character_set_client = utf8 */;
CREATE TABLE `xmldata` (
  `XMLID` int(11) NOT NULL AUTO_INCREMENT,
  `FileName` varchar(256) NOT NULL,
  `CreationDate` date DEFAULT NULL,
  `CreationTime` time DEFAULT NULL,
  `TestName` varchar(20) NOT NULL,
  `AppVersion` varchar(10) DEFAULT NULL,
  PRIMARY KEY (`XMLID`)
) ENGINE=InnoDB DEFAULT CHARSET=latin1;
/*!40101 SET character_set_client = @saved_cs_client */;

--
-- Dumping data for table `xmldata`
--

LOCK TABLES `xmldata` WRITE;
/*!40000 ALTER TABLE `xmldata` DISABLE KEYS */;
/*!40000 ALTER TABLE `xmldata` ENABLE KEYS */;
UNLOCK TABLES;
/*!40103 SET TIME_ZONE=@OLD_TIME_ZONE */;

/*!40101 SET SQL_MODE=@OLD_SQL_MODE */;
/*!40014 SET FOREIGN_KEY_CHECKS=@OLD_FOREIGN_KEY_CHECKS */;
/*!40014 SET UNIQUE_CHECKS=@OLD_UNIQUE_CHECKS */;
/*!40101 SET CHARACTER_SET_CLIENT=@OLD_CHARACTER_SET_CLIENT */;
/*!40101 SET CHARACTER_SET_RESULTS=@OLD_CHARACTER_SET_RESULTS */;
/*!40101 SET COLLATION_CONNECTION=@OLD_COLLATION_CONNECTION */;
/*!40111 SET SQL_NOTES=@OLD_SQL_NOTES */;

-- Dump completed on 2015-04-10  5:57:32
